Country Name,Country Code,Series Name,Series Code,1990 [YR1990],1991 [YR1991],1992 [YR1992],1993 [YR1993],1994 [YR1994],1995 [YR1995],1996 [YR1996],1997 [YR1997],1998 [YR1998],1999 [YR1999],2000 [YR2000],2001 [YR2001],2002 [YR2002],2003 [YR2003],2004 [YR2004],2005 [YR2005],2006 [YR2006],2007 [YR2007],2008 [YR2008],2009 [YR2009],2010 [YR2010],2011 [YR2011],2012 [YR2012],2013 [YR2013],2014 [YR2014],2015 [YR2015],2016 [YR2016]
Afghanistan,AFG,"Agriculture, value added (% of GDP)",NV.AGR.TOTL.ZS,..,..,..,..,..,..,..,..,..,..,..,..,37.9388206159123,36.8630576799203,29.3911956273162,30.7879670650336,28.2897383137567,29.7989655280121,24.6938230129889,29.1359284351699,26.0782527819623,23.5779686892153,23.6436386470918,22.587453161034,22.009298022763,20.5469658803948,20.9658976104561
Albania,ALB,"Agriculture, value added (% of GDP)",NV.AGR.TOTL.ZS,35.9007899107974,39.2952951590215,51.6418702727331,54.6409764928012,53.6209806102615,55.8121447107506,35.1488526889007,30.1867024360462,27.0722161011123,24.385606827255,23.4986421224732,21.9482726271296,21.6003946824972,21.4685975065441,20.1807892883943,18.6108049934108,17.5296438165367,17.1285505934542,16.837088098923,16.7944019813011,17.9558556659906,18.2267655190053,18.7667988940703,19.5651755699076,19.9901534448586,19.7802182377971,19.9067237914091
Algeria,DZA,"Agriculture, value added (% of GDP)",NV.AGR.TOTL.ZS,10.3814320673053,9.22439306043879,11.2001526769671,11.2006862647703,9.23231639402002,9.54486094730282,10.8093382304174,8.72958782945165,11.4750035677096,11.1069753203455,8.39505870834107,9.74943045279238,9.22498638073472,9.8105530156137,9.44047161588671,7.69131219048114,7.5430776407323,7.57063112169223,6.58667750445662,9.34336655134035,8.46644185558123,8.11034735557068,8.77068803927155,9.85111793371892,10.2863995118628,11.5860331634814,12.295779686707
American Samoa,ASM,"Agriculture, value added (% of GDP)",NV.AGR.TOTL.ZS,..,..,..,..,..,..,..,..,..,..,..,..,..,..,..,..,..,..,..,..,..,..,..,..,..,..,..
Andorra,AND,"Agriculture, value added (% of GDP)",NV.AGR.TOTL.ZS,..,..,..,..,..,..,..,..,..,..,0.487497832272485,0.459110473457676,0.406166343579803,0.444193487671749,0.442399275920114,0.405274295449163,0.382391576055206,0.399345781654627,0.442280559393527,0.434939370362639,0.499694105109431,0.534685932590804,0.612256498120194,0.577337772940781,0.496149201132471,0.47019470478715,0.492101388264151
Angola,AGO,"Agriculture, value added (% of GDP)",NV.AGR.TOTL.ZS,16.3907130467884,28.5714285714286,7.89473684210526,10.5442176870748,6.07580002949418,6.65321372200356,7.02686916586973,9.00201794169947,12.9111824086392,6.29025682837342,5.66468956353549,8.15637702246655,..,..,..,..,..,..,..,..,..,..,..,..,..,..,..
Antigua and Barbuda,ATG,"Agriculture, value added (% of GDP)",NV.AGR.TOTL.ZS,1.78073863835594,1.78030705814231,1.80268060947773,1.74543146848041,1.57653988014401,1.6430544737845,1.61543691276239,1.71897921396171,1.6666805751773,1.66763577643578,1.58953974311117,1.61272529904851,1.73029178870791,1.7495265852447,1.6099710563426,1.75781767310714,1.65320455132786,1.60765261113387,1.54931148778712,1.49670709252756,1.6276262253683,1.92552923109623,1.88087873969873,1.99815666348515,1.57067840155539,1.67455413108606,1.64237654071171
Argentina,ARG,"Agriculture, value added (% of GDP)",NV.AGR.TOTL.ZS,8.12367620787488,6.71649176009431,5.99078709147934,5.13682631298815,5.082640615289,5.35147321986538,5.61088150916912,5.22196688508805,5.25274859444737,4.45783939927272,4.67991713691322,4.56853311400305,10.2066670932241,10.3282172969824,8.36248661002826,7.93875427420939,6.93557229126392,7.45235394606923,7.3189545972436,5.27362346890139,7.13216745078964,6.99873377022519,5.7817442068501,6.05291843670451,6.71270351428559,5.1566859021408,6.35390413957503
Armenia,ARM,"Agriculture, value added (% of GDP)",NV.AGR.TOTL.ZS,15.9809183064997,23.6165139917179,28.4857667880976,49.2557622421718,43.4629669256674,40.6907728860082,34.7950476734458,29.4132416270924,30.8472489232151,26.9591171417191,23.2134790301107,25.5900022859538,23.4490301706817,21.5290414316945,22.5955260564584,19.0959225699412,18.7155789846042,18.2498628100602,16.3084468042341,16.9117957405199,16.9991486336913,20.3253482527647,17.9126819526397,18.4347628834968,18.0720363470662,17.2231200318056,16.39047353385
Aruba,ABW,"Agriculture, value added (% of GDP)",NV.AGR.TOTL.ZS,..,..,..,..,0.503989920201596,0.50761421319797,0.48582995951417,0.437636761487965,0.402549480040255,0.383292096465087,0.410021828071138,0.405263479447352,0.402353103702339,0.401312280100494,0.391614142234658,0.386578789694428,0.393591790404297,0.401578206610497,0.381582396385472,0.448459565982352,0.449380714888877,0.459125111592909,..,..,..,..,..
Australia,AUS,"Agriculture, value added (% of GDP)",NV.AGR.TOTL.ZS,4.20836077180926,3.18184778754231,3.05345860585789,3.26388011764494,3.3492792146725,3.02163306488302,3.39215957573839,3.24334448064168,3.03895445819312,3.06307992404014,3.12048409721287,3.50485125559406,3.94963544989475,2.88973156072483,3.06504769156548,2.88651894172911,2.72868148543917,2.20403724847831,2.34176520769526,2.2950770164873,2.20117483232352,2.28041060118694,2.25875200427579,2.28250934556895,2.22004842784952,2.37269674923708,2.4305798250667
Austria,AUT,"Agriculture, value added (% of GDP)",NV.AGR.TOTL.ZS,3.09711971941306,2.81128192983211,2.45333476066201,2.20444098153993,2.37154595460716,2.15859633228818,1.98247099499027,1.90548344310224,1.79334392378865,1.72221732211898,1.64730021298979,1.67070339573168,1.56277441149196,1.49193189790189,1.47647439267771,1.25939963482441,1.30318945861739,1.41639156023265,1.34222302680426,1.14681776764538,1.26732767225745,1.40191493427276,1.3485513899381,1.25472121594195,1.20094533574497,1.11155469352266,1.10158899771897
Azerbaijan,AZE,"Agriculture, value added (% of GDP)",NV.AGR.TOTL.ZS,26.5006821282401,30.4827844311377,26.0596253189768,27.0954024012936,32.3476142409443,25.1757428062611,24.7592072135371,20.1274111225097,18.1490545308694,18.3990802843913,16.0852885695513,14.8355782978403,13.9547772843937,12.4259959420695,10.987890226604,9.1,7.1,6.7,5.6,6.1,5.5,5.1,5.13976950772418,5.3662644804235,5.3,6.2,5.6
"Bahamas, The",BHS,"Agriculture, value added (% of GDP)",NV.AGR.TOTL.ZS,2.2085281111813,2.83373404132221,2.66301061434545,2.4612871927555,2.67508438171218,2.83414989792943,2.64691050152397,1.56181897428447,1.37855944927867,1.26759041993162,1.34464685685702,1.19862993112386,1.51331582811254,1.34722421080282,1.16175185996252,1.06443545271548,1.17042464776611,1.09339124571261,1.04313129393882,0.9096409923502,1.09749043162674,1.09230471329484,1.07271116086003,0.91459972147992,0.852399770016336,0.818330605564648,0.880156772645876
Bahrain,BHR,"Agriculture, value added (% of GDP)",NV.AGR.TOTL.ZS,0.949346076458752,0.882139770697701,0.909896999552172,0.851378305119419,0.86034198622614,0.862944478628011,..,..,..,..,..,..,..,..,..,..,..,0.29227169028013,0.264810510494668,0.337400301689204,0.297677228105778,0.290850277264325,0.275737043040234,0.274788371269985,0.299909668641636,0.315466038696712,0.333018732924105
Bangladesh,BGD,"Agriculture, value added (% of GDP)",NV.AGR.TOTL.ZS,30.489833096135,31.6770232352381,30.5175252361271,27.3210858173117,26.7255375508155,27.3043698025967,23.266208049769,23.2461437492233,22.5874157614312,22.6584111161909,22.7181480755923,21.8483405815259,20.5841344226366,19.8127182977042,19.2669595662859,18.5710395455964,18.0340165108542,17.8065367823955,17.5956955421992,17.1046290519632,17.0011812592919,16.8099867573503,16.1775631728154,15.4932779979784,15.3516208986344,14.7829974121953,14.0455478408371
Barbados,BRB,"Agriculture, value added (% of GDP)",NV.AGR.TOTL.ZS,3.42548224597616,3.48039337115113,3.44712696704085,3.24626412343579,2.44054634958053,3.1388064622486,3.26736755308184,2.61926122401217,1.95454388210468,2.28780825987917,1.95579048534358,2.07594693019749,1.85196870267542,1.9390201077912,1.6105396446,1.5549226387499,1.44350774737437,1.3528599060514,1.22848522996115,1.42195058693519,1.31789808703058,1.22508528395803,1.31755559612143,1.44173441734417,1.38010350776308,1.34485128104447,1.37998034907983
Belarus,BLR,"Agriculture, value added (% of GDP)",NV.AGR.TOTL.ZS,22.9468822170901,22.2222222222222,22.8260869565217,17.1573604060914,13.589613893104,15.766496709307,15.098598303786,13.4179320121037,12.0617636126188,12.7005575559539,12.0968271694147,10.3504297393613,10.1284322239778,8.63562770752199,8.85025144123636,8.51859080856531,8.57872759155765,8.30316995882275,8.66625369440669,8.37210114506316,8.89193022882009,8.00188774430829,8.13094268308472,6.80909244753712,7.30305697730942,6.2832075832437,6.89528062433517
Belgium,BEL,"Agriculture, value added (% of GDP)",NV.AGR.TOTL.ZS,..,..,..,..,..,1.30032823636042,1.32100041492546,1.33000720896301,1.24594011845301,1.06802715517594,1.16794850942213,1.10365990389347,1.02666605105482,1.02453150955379,1.01670244263013,0.836969726544943,0.903379975822111,0.884998368205389,0.707919062524801,0.649461797098524,0.76242021032565,0.643909109397549,0.784515926576535,0.687975066511223,0.649330197791123,0.68339383924317,0.61749191345839
Belize,BLZ,"Agriculture, value added (% of GDP)",NV.AGR.TOTL.ZS,17.3707783561312,15.864865761267,15.9614259132512,15.1129772580827,15.0726409655139,15.9332386665987,15.8078127324076,15.4251393080405,14.7630572729788,15.5574883516471,14.649289253598,13.1023124568308,12.6857986502305,14.4947154057601,14.3324426865738,13.3074178044593,12.7238950753186,11.5317811447222,10.9761792701237,11.2110316167551,11.4966647840947,11.4451149343351,13.0633117071381,13.4427331808711,13.4686556870281,12.573300559394,10.5937804154479
Benin,BEN,"Agriculture, value added (% of GDP)",NV.AGR.TOTL.ZS,34.6549453638938,35.0437734981583,33.9419041358772,34.1194607988571,32.2939945673508,33.0901595921974,35.7053003917894,35.7819301606788,36.5766497896743,23.1809673328905,22.8897878854144,22.9500687127806,23.8703616721466,22.8081769318883,24.7550866616428,24.7138684979083,25.2370857971661,24.2747291156938,23.9691931999624,23.7676056338028,22.7362261746133,22.8438923844652,22.303644794695,21.3456820141022,21.4647359099906,22.4927607161793,23.2404164298103
Bermuda,BMU,"Agriculture, value added (% of GDP)",NV.AGR.TOTL.ZS,..,..,..,..,..,..,0.8,0.8,0.7,0.7,0.668952155022428,0.692327610262023,0.795458124345352,0.821851057858248,0.844158464897229,0.80164153178958,0.856786815800162,0.767576447214679,0.790533047197938,0.740341052546011,0.748048451939571,0.788755291832432,0.740816720502274,0.745266617746528,..,..,..
Bhutan,BTN,"Agriculture, value added (% of GDP)",NV.AGR.TOTL.ZS,34.377694657731,32.8829450867268,33.4248240059694,31.3958143617363,33.427374034777,30.8449883892223,30.1659344985922,30.014051595212,28.4950899613891,26.3332544876373,26.8011997099075,25.572523839795,25.5180889976778,24.3880169418653,23.9753086876433,22.3371860268566,21.4074885307081,18.6711745784718,18.4097893833114,18.2268567975041,16.7977019738748,16.3253270158917,15.9646188419033,16.1038694836893,16.7718146517904,16.7408901441806,16.5224756460112
Bolivia,BOL,"Agriculture, value added (% of GDP)",NV.AGR.TOTL.ZS,15.3535978702771,15.5420975648919,14.4042024881796,14.6479641067455,15.2442859478291,14.8592993724568,14.1846793081971,14.9182595102962,12.6254321496117,13.2579923550822,12.9658126794824,13.2556528239734,12.9551189217211,13.4272368695181,13.3223838016062,11.7927212046632,10.9375478724039,10.0111560928617,10.4424044642439,11.1524077966596,10.3899053384135,9.76958569534716,9.81216162670164,9.96697936832877,9.74021737080982,10.239494241516,11.1718754576911
Bosnia and Herzegovina,BIH,"Agriculture, value added (% of GDP)",NV.AGR.TOTL.ZS,..,..,..,..,35.8533228470311,20.6999985084032,20.7000003100819,17.5180457264676,15.9604100187793,13.2630015869581,8.90345408434534,8.86766042228114,8.2741442740916,7.34119968328698,8.85356202917856,8.28684516484434,8.04653533098051,7.69894823164915,7.20726994008071,7.07659973256469,6.79676008073029,6.75774577677582,6.13767226957092,6.84139000642076,5.95105909598808,6.23886444921923,6.37022564342162
Botswana,BWA,"Agriculture, value added (% of GDP)",NV.AGR.TOTL.ZS,4.52615085751558,4.37689552426058,4.63278501125985,4.52119256312185,3.75614363423294,4.63772094370987,3.69099404898572,3.54270561660428,3.16686425607587,2.99076549401847,2.79469978903454,2.59029062025391,2.4256159925616,2.72238695522266,2.25958534959102,1.82838052405033,2.04836470787057,2.24073265612135,2.5260182420658,2.81908186766969,2.48803777286565,2.45792996147766,2.64647406191655,2.29852887640158,2.08768386271437,2.20072912344984,2.0494299453247
Brazil,BRA,"Agriculture, value added (% of GDP)",NV.AGR.TOTL.ZS,6.87330085891951,6.78880668811996,6.77995215917154,6.56356958504316,8.53641105265961,5.01166646465693,4.76841121077967,4.68504702949228,4.7500447835131,4.64598154008681,4.75045997570861,4.80104301642181,5.47527489339298,6.1671843856504,5.66531157603221,4.65116884415235,4.37004389474886,4.41691531634407,4.56785125720661,4.4767740290855,4.11575648758173,4.34203412773382,4.1683282240444,4.5068861822272,4.32561053879483,4.31914942942436,4.89138608590072
British Virgin Islands,VGB,"Agriculture, value added (% of GDP)",NV.AGR.TOTL.ZS,..,..,..,..,..,..,..,..,..,..,..,..,..,..,..,..,..,..,..,..,..,..,..,..,..,..,..
Brunei Darussalam,BRN,"Agriculture, value added (% of GDP)",NV.AGR.TOTL.ZS,0.966141670584548,1.02205316653636,0.96520909757887,1.07733343382575,1.19870895402851,1.16152757078987,1.12211285179537,1.22734352727744,1.41028318584071,1.23498012055919,1.02441349174926,1.13456723618635,1.09356960801094,1.22219651944208,1.12745345314218,0.946593335407581,0.706141842882068,0.689655172413793,0.635849768848754,0.908956973474342,0.733012306046014,0.575033257520491,0.655379574003277,0.684659216396484,0.86319909894939,1.10248621892226,1.20365490995634
Bulgaria,BGR,"Agriculture, value added (% of GDP)",NV.AGR.TOTL.ZS,17.7459650235952,15.3905674281503,11.6180278884462,9.9344262295082,11.4916286149163,13.0591140748774,11.580483736447,20.5973850100107,13.7560645121213,13.0595687885838,11.0361431978172,10.6588631264024,9.76301684306429,9.10759502375078,8.45686096110198,7.28846970054232,6.11769082904446,4.64995115340981,5.8770491465297,4.23835288733851,4.15874272615295,4.5951708168749,4.55955724252929,4.59526008901481,4.56578819933927,4.13673842429771,4.05482211284618
Burkina Faso,BFA,"Agriculture, value added (% of GDP)",NV.AGR.TOTL.ZS,27.9500222744042,29.793265328148,28.8098112792292,30.2310515664871,32.9477702743622,33.2172170930601,36.3791732658042,33.7387786954986,36.5635560806964,30.5814192045879,30.7893108268158,36.1842618707971,35.7803478556659,34.3655509094651,31.6158431505716,35.2934419146215,33.9587366023179,29.9354933736959,37.0049682934775,32.3929117019573,32.5402562432393,30.7910247608749,31.4834039635981,31.666159244495,31.3640113158314,30.2716660727511,29.0131868931726
Burundi,BDI,"Agriculture, value added (% of GDP)",NV.AGR.TOTL.ZS,51.0568501841364,48.5979103153404,48.0045217057559,47.1698116933114,40.7323254524442,42.0226931283613,53.3809215127328,42.4218641481914,44.538704047976,47.6353041282389,44.1070401093686,43.8431420582797,43.3336112421252,42.8412837005394,41.9026049689034,40.8474015226746,40.6428953195388,34.3534864699066,37.2389973311005,36.9963597591488,36.9688738454878,36.9017589012506,37.0693406311999,36.313320971046,35.6701089613444,37.0741241940996,36.3588033381934
Cabo Verde,CPV,"Agriculture, value added (% of GDP)",NV.AGR.TOTL.ZS,14.3907045302362,13.3930068058835,11.7942002453434,10.136426067162,12.8589530313294,13.6805684818152,12.4484810722718,11.6806517652532,10.9472496429063,13.6433699432316,12.8717827032774,11.4157660193474,10.3514712488974,10.1436982527383,9.86346771915503,9.00118732269349,8.3187121345924,8.51773765164987,7.7518645534844,8.31904609468959,7.98977731397574,7.84317607257896,8.44654444054803,8.27906804211208,8.01576748495245,8.7436959845919,8.46161277257287
Cambodia,KHM,"Agriculture, value added (% of GDP)",NV.AGR.TOTL.ZS,..,..,..,45.294382181641,45.5577095437597,47.7245602129901,44.4630795625178,44.4472126765957,44.4799589645189,40.9038529945708,35.68562535046,34.3203002556208,31.1290434829208,31.9708220474679,29.3897576439277,30.7100575859259,30.0587619242942,29.6965419396994,32.7510577693573,33.4907175232552,33.8766787567437,34.5573140316467,33.5196036107247,31.595062429272,28.8713035293412,26.5803600137747,24.7426644196582
Cameroon,CMR,"Agriculture, value added (% of GDP)",NV.AGR.TOTL.ZS,23.9948703358418,24.2590264744828,26.5796651782489,15.1624603803602,16.8947068818842,17.8661970950507,17.6884956521432,18.1800970942825,17.5925474201828,18.323510373267,16.7364639372229,17.4293320966842,16.4516776940534,15.9076105836933,15.5483700771711,14.0835665802987,13.2402405473326,13.1789379330715,13.0957244952834,13.6570609381547,14.0676569950709,13.4796522667294,13.7215245792943,13.8988992120781,14.2261968088339,14.772472349771,15.3299293378697
Canada,CAN,"Agriculture, value added (% of GDP)",NV.AGR.TOTL.ZS,..,..,..,..,..,..,..,..,..,..,..,..,..,..,..,..,..,1.40702572302311,1.59765457919092,1.37593987360953,1.33166399038343,1.60566397841261,1.64729362609776,1.72529369728679,1.42479574711835,..,..
Cayman Islands,CYM,"Agriculture, value added (% of GDP)",NV.AGR.TOTL.ZS,..,..,..,..,..,..,..,..,..,..,..,..,..,..,..,..,0.252791338899289,0.268605825596179,0.282316132022338,0.330867690841556,0.333062872241292,0.340817111757108,0.344416341953558,..,..,..,..
Central African Republic,CAF,"Agriculture, value added (% of GDP)",NV.AGR.TOTL.ZS,45.2677467463767,43.0494612254772,43.9317355367478,43.844431004438,42.8070828819068,44.0648770981329,50.1604149451641,51.4164189494109,51.5398215822094,48.3097672849586,49.5006130902982,51.0257074334392,50.9002168100171,54.2691755918953,52.6091110432886,52.1892046678839,52.5563922573008,51.1802671379951,52.5579825883517,51.0844277352746,50.2888287035343,51.5855251156097,50.7499363542639,43.7725590750594,40.5943139111028,39.9980533860561,40.4735416380485
Chad,TCD,"Agriculture, value added (% of GDP)",NV.AGR.TOTL.ZS,27.8887351036294,35.5077491119842,34.3244389418211,31.3718947758342,37.21826976679,35.0586945912654,37.5479187516185,38.3446636603636,39.0049466452227,38.0688010842374,40.7050940296883,40.2954383018479,37.9029523981677,32.2860233752899,22.8971762264507,53.8141243497039,55.7719204399754,54.6732549751382,54.5898348030162,46.5493926342762,51.9456230241815,51.1962001303935,54.8998138086533,50.0451924787261,50.6475765600384,50.2129866597865,49.4528502215433
Channel Islands,CHI,"Agriculture, value added (% of GDP)",NV.AGR.TOTL.ZS,..,..,..,..,..,..,..,..,..,..,..,..,..,..,..,..,..,..,..,..,..,..,..,..,..,..,..
Chile,CHL,"Agriculture, value added (% of GDP)",NV.AGR.TOTL.ZS,7.5423533139546,8.47706241496136,8.38810341605635,7.24751378686643,6.70086579400839,6.21821224697224,5.44562551987907,5.4372012128894,5.70429084371959,5.63693415923721,5.37791872378184,4.40892779239936,4.43525529304084,4.4550676811589,4.06381132016275,4.13388036014556,3.87711013989053,3.71050110018044,3.71072394497772,3.74118159285523,3.61588964467582,3.67120659392567,3.30478097611631,3.38186805064519,3.92812842706416,3.76087602425113,4.02577334337026
China,CHN,"Agriculture, value added (% of GDP)",NV.AGR.TOTL.ZS,26.5843081183771,24.0340673864157,21.3288613754466,19.3074684032255,19.4742827282163,19.596519610246,19.325485548039,17.8952767359584,17.1590347601611,16.0647884668303,14.6762416552997,13.9834613523738,13.3014877128561,12.3489989653686,12.9166481669765,11.6414956027145,10.6257605277639,10.2829969681319,10.2508986328991,9.78618898134402,9.53019294093058,9.43451606248288,9.41993615797438,9.29518965196507,9.05992241632572,8.83272400747757,8.56294266093139
Colombia,COL,"Agriculture, value added (% of GDP)",NV.AGR.TOTL.ZS,16.2352985610824,17.0244586274373,15.4807903292151,13.5587851210003,14.8315378667055,14.0180659651442,12.768819026019,12.6064711492187,13.2357896548033,13.0007715171454,8.3057195333068,8.32097267667621,8.51000517684848,8.32877416512145,7.91098316231374,7.7255729724009,7.36367472609912,7.11853240293965,6.86625549119222,6.86261882068059,6.50200761941115,6.24655182982897,5.78872094423702,5.59467527660215,5.66371447629992,6.04207118121584,6.67148294662814
Comoros,COM,"Agriculture, value added (% of GDP)",NV.AGR.TOTL.ZS,41.42110056703,39.6581933074824,39.510062732408,39.1105691928395,37.616837532805,40.8918121918629,40.8913063144563,40.8935226073283,40.9294565753439,40.9497771983421,38.896203906511,40.8915481434345,41.0916421150566,41.091870379538,41.088447529779,41.2245112494702,40.9722222222222,40.8316044145131,42.5636180469786,42.5939393939394,39.5740297174407,38.78690025785,36.8680861187106,35.8962688529032,34.5263318577123,33.5835896583137,..
"Congo, Dem. Rep.",COD,"Agriculture, value added (% of GDP)",NV.AGR.TOTL.ZS,30.1499159231409,40,49.1525423728814,51.3001485884101,56.5440280393599,56.5439892558885,33.2619815378394,47.50000059375,46.4999674321061,52.3661649268665,31.9723582652415,32.8709040200447,26.5837793204992,26.0538388066067,23.8793594908244,21.5793822469407,21.2100606488187,21.602205301192,22.618679764393,23.6746666960423,21.4284911226138,20.9170760131289,20.4410607056781,19.3166676270676,18.5625173135672,18.3703885045717,18.5997536402627
"Congo, Rep.",COG,"Agriculture, value added (% of GDP)",NV.AGR.TOTL.ZS,12.8608923884514,11.317809288409,11.527563111798,11.2485199315879,10.3139378639195,10.4525658019315,8.98668923597753,9.13919008630228,10.9555690809495,8.35575795211481,5.30425299890949,5.79993165063711,6.26158012257114,6.27522393936411,5.50940630344491,4.54418039679821,3.96032256468609,4.32729847263475,3.67695948934654,4.50589047927157,3.83040701153664,3.38311330102814,3.92577410648846,4.36216603194666,4.83428437081017,7.24349588505798,8.72903676484043
Costa Rica,CRI,"Agriculture, value added (% of GDP)",NV.AGR.TOTL.ZS,11.0903037918515,11.9899997789679,11.9496107525654,11.8847468807105,12.3839303275915,12.8302909666158,12.1651387103192,12.5653794110573,12.6809185096311,11.1560577034253,9.2884888167144,8.41261056472395,8.46554972670621,8.87901998688238,8.89141266458193,8.66216645031011,8.47190439405722,7.95696170530072,7.01999374338291,7.09192210826637,6.58717809984349,5.83847603297346,5.40932984042143,5.04354220118168,5.12480170383165,4.9566768924467,5.19176920700999
Cote d'Ivoire,CIV,"Agriculture, value added (% of GDP)",NV.AGR.TOTL.ZS,32.4984276683643,33.2939429328014,34.0096869237108,28.2152062734036,25.2636305085389,24.727605801392,24.6026209275338,23.3194326217915,24.1770033487033,23.2029349029682,24.9891157136593,25.9264522806657,27.2700503866236,28.7808550210528,23.5897597153266,22.593246265572,22.6252128834965,21.9948063744221,22.6770458073532,21.2002180834824,24.5294275579256,26.6908494054447,22.5325571860508,20.9786259127829,21.051436735908,22.735623257338,20.9363478968684
Croatia,HRV,"Agriculture, value added (% of GDP)",NV.AGR.TOTL.ZS,..,..,..,..,..,5.98727737671106,5.87738486014733,5.50087952576763,5.70428024611851,5.81172337162282,5.33297406601758,5.3422690152575,5.25692301746261,4.33138358508527,4.67897786892784,4.23441195302582,4.34975133537052,4.11106000434364,4.23117384989286,4.35797012381937,4.16012944491903,4.01341998523968,3.7930752285261,3.70528940109966,3.50087286349942,3.52357890699904,3.42615686442861
Cuba,CUB,"Agriculture, value added (% of GDP)",NV.AGR.TOTL.ZS,13.0405490537015,12.775946796913,12.4266193793043,9.57115301865687,7.89980770160529,6.88329772311116,7.13346364315893,7.18672879658759,6.11742203999102,6.12417966962889,6.60125501383918,6.37956720450471,5.94572870305592,5.74521185921362,5.4744391801691,4.3636521197014,3.40501452330934,3.90810167923978,3.81703869500364,3.93041237113402,3.61428926750404,3.60487027105378,3.85009775638835,3.92492352361694,3.93770588957314,3.83575415916853,..
Curacao,CUW,"Agriculture, value added (% of GDP)",NV.AGR.TOTL.ZS,..,..,..,..,..,..,..,..,..,..,..,..,..,..,..,..,..,..,..,..,..,..,..,..,..,..,..
Cyprus,CYP,"Agriculture, value added (% of GDP)",NV.AGR.TOTL.ZS,6.8591767823588,6.19134855754697,5.72367756161448,5.61272712074519,5.06752181727584,4.77613512197048,4.57794676806084,3.92075301276414,4.33433488118001,3.89853246066913,3.64755425979916,3.86110368959484,3.78796656459489,3.35317059527324,3.08367831595864,2.73884249162189,2.27622080940494,2.02376215109999,2.09354940545091,1.98891477227086,2.10419959066297,2.18690290961984,1.9784809412151,2.01152118188584,1.82438841524716,1.84872055010709,1.80963933454452
Czech Republic,CZE,"Agriculture, value added (% of GDP)",NV.AGR.TOTL.ZS,..,..,..,4.17842692989536,4.1954831260235,3.96250237165187,3.62088100038387,3.3162388798836,3.3969145387905,3.12158710890972,3.11524830072208,3.00602458660543,2.56298002270249,2.36270371785757,2.30502174080571,2.21205287339916,2.07284905081363,1.9637943323081,1.93500835090033,1.64229727745891,1.51950907314237,2.14767629665163,2.34970610200418,2.40363404949772,2.47392721340798,2.22791197930799,2.20621632266553
Denmark,DNK,"Agriculture, value added (% of GDP)",NV.AGR.TOTL.ZS,3.28733211229643,3.02969734467762,2.7918319765464,2.6921825893463,2.60096286467342,2.85185574678987,2.79267736741101,2.63713770439453,2.14462540936333,1.94100623348296,2.15183825302658,2.33951088058119,1.78114702776984,1.61078711620872,1.62250888279623,1.14566099027481,1.16521821834913,1.17440024844078,0.857799463771253,0.833612539725214,1.20192652819607,1.31212321060571,1.65472120873751,1.30213502052416,1.3824694056275,0.802867928102499,0.800789172308106
Djibouti,DJI,"Agriculture, value added (% of GDP)",NV.AGR.TOTL.ZS,..,..,..,..,..,..,..,..,..,..,..,..,..,..,..,..,..,..,..,..,..,..,..,1.84256242752715,1.86820836072547,1.77688986354712,1.94253115480255
Dominica,DMA,"Agriculture, value added (% of GDP)",NV.AGR.TOTL.ZS,19.7901498652771,19.0993480848968,18.0919913085466,17.3462012825014,17.6751036545536,14.9083177384692,16.0363395989975,15.4649841021082,15.0529649321429,15.0390250380412,11.8204770332771,11.199664127256,10.6957922346272,10.8243119280128,10.9715424609367,11.2985503,10.4978532258065,10.4470870028236,11.5652109527541,12.5513338236019,11.4663493748978,12.5011068783915,12.0190288848925,13.881783591472,13.3661261259732,14.2033520751007,16.0753580127578
Dominican Republic,DOM,"Agriculture, value added (% of GDP)",NV.AGR.TOTL.ZS,13.4228254293252,12.5057311640825,12.0128371082942,10.7814961902425,9.99448520139276,9.81477760955714,9.19340246436474,9.14429903486216,8.99180996244975,7.82103071357272,6.71834204747894,6.99751861270975,6.80511921829037,6.69384984394826,7.02047299255392,7.21193528375622,6.8587193196752,6.51157391056705,6.33582216775516,6.13735251589717,6.05745782580902,5.63686024937601,5.40109385097578,5.30486594625742,5.2369570335154,5.60278482269704,5.78451660200436
Ecuador,ECU,"Agriculture, value added (% of GDP)",NV.AGR.TOTL.ZS,20.5210053878115,20.8630768323822,18.9221169961655,23.4031589633143,22.1459459595206,21.9121688235555,20.7500581031484,20.1087737333262,17.4759454640616,17.5713518152118,15.4045442662352,12.6572665949658,11.2309228939984,10.8432997178355,9.69192133694068,9.48116929916905,9.40813610619229,9.35565570716795,8.96568289225354,9.91394134641047,9.73311807843671,9.60111666656407,8.64241274882244,8.76934290282697,9.12650825871229,9.45485142211309,9.54487869122643
"Egypt, Arab Rep.",EGY,"Agriculture, value added (% of GDP)",NV.AGR.TOTL.ZS,18.4474979421522,17.1783929224153,15.5859094176851,15.7390463917526,15.7142857142857,15.7107843137255,16.1150828247602,15.7510342233923,15.8844815588031,15.9086475942783,15.5380770361658,15.3512684694731,15.4048561625759,15.2867065868263,14.2699361219864,13.9818012999071,13.2372025254978,13.4201262083781,12.6302400893356,12.9979466513145,13.3407591579645,13.8691050980964,11.2727652713919,11.2743496022361,11.3377089201878,11.394083227628,11.7693159703255
El Salvador,SLV,"Agriculture, value added (% of GDP)",NV.AGR.TOTL.ZS,16.0136771698893,15.7923919811473,12.9650323520698,12.7288103898567,12.4617820908552,11.528879161366,10.850327901368,10.9145568353713,9.46818464366379,7.93373157168383,7.17278477660919,6.68649259791156,5.82298419820808,5.48839713449193,5.72792591262587,6.17163841064813,6.0461898029476,6.99310380802719,7.09013158708927,6.6685763398088,6.98173415993987,7.33016838470822,6.51434832622772,5.61676946900625,5.86798290249203,5.8137068662398,5.94694743515634
Equatorial Guinea,GNQ,"Agriculture, value added (% of GDP)",NV.AGR.TOTL.ZS,..,..,..,..,..,..,..,..,..,..,..,..,..,..,..,..,1.51825527772648,1.37288404400353,0.892696119574311,1.05819979061204,1.06137128570531,1.05350238776435,1.05565704629284,1.19199068015273,1.29424877164029,1.88839097627181,2.37337940987505
Eritrea,ERI,"Agriculture, value added (% of GDP)",NV.AGR.TOTL.ZS,..,..,27.3517171994329,19.4351344723289,21.9131656082071,18.8116670721488,16.2273737694506,15.1153427506646,23.3670870070068,22.7223359743613,12.5904217689804,15.163844400074,13.6018100565387,11.8299212236971,10.642274296598,22.6000002108942,24.59999989582,24.2659805873687,16.7763073752775,14.1242274354984,..,..,..,..,..,..,..
Estonia,EST,"Agriculture, value added (% of GDP)",NV.AGR.TOTL.ZS,..,..,..,..,..,5.05953989261671,4.73872160888117,4.51544501123918,5.32096891410643,3.94624718607792,4.32305108563899,4.22921963656903,3.76638771576656,3.60353050845517,3.44741269700815,3.10039633482893,2.71924203644281,3.03253386521577,2.44428519564243,2.12171696091922,2.79315173761951,3.4033865082877,3.19358148585035,2.98962654662519,3.04799369674776,2.71444894088516,2.20465846985322
Eswatini,SWZ,"Agriculture, value added (% of GDP)",NV.AGR.TOTL.ZS,8.87148663765698,9.83193215979339,7.7196551792743,8.87000793448343,11.4210828927981,10.0794803409696,11.9841877799452,10.8705418983846,11.0243645039919,11.1187716775231,12.315975754846,12.0992205230901,12.5025437700338,12.385263607915,9.65947272355094,10.9717565974763,11.1842158367266,10.7541752623079,9.99945390402236,9.25038577172511,10.1562127323485,9.71988392021377,10.3783582576598,10.342810413142,9.45560788484243,9.5909036893687,9.45804814014954
Ethiopia,ETH,"Agriculture, value added (% of GDP)",NV.AGR.TOTL.ZS,49.4912480282983,58.66606231762,63.8313362921757,59.94529819485,52.69945117253,51.9247039197336,51.1653684339559,54.0289892861134,49.0619078585,45.4854631511914,44.6660179485759,42.3405711240311,38.6923716914638,37.2850554139561,38.6797549469264,41.1744985607337,42.5241701226393,42.2650121920913,45.1845583729593,45.8826942649104,41.4468200699758,41.2499638574537,44.3309427521463,41.2395055340925,38.5204496889284,36.0569753905786,34.8449101621578
Faroe Islands,FRO,"Agriculture, value added (% of GDP)",NV.AGR.TOTL.ZS,..,..,..,..,..,..,..,..,..,..,..,..,..,..,..,..,..,..,..,..,..,..,..,..,..,..,..
Fiji,FJI,"Agriculture, value added (% of GDP)",NV.AGR.TOTL.ZS,17.9579343434343,18.2567042115573,17.5828562741606,17.0190045607773,17.9229830863643,17.174961203941,17.3025435073628,14.789454533426,14.3390953003008,16.3568870415392,14.9352989681979,12.9529402768543,13.2429248033765,12.430694917335,12.2619251624259,11.9689570314682,12.267239520831,11.7896071840417,10.6974950619792,10.0884444017423,9.38189737562412,9.21716744343046,9.67589967195045,10.1135217321053,9.83694516662727,9.42306666666667,11.1345293817067
Finland,FIN,"Agriculture, value added (% of GDP)",NV.AGR.TOTL.ZS,5.39391275683991,4.82164623628711,4.27450148493848,4.37094742734524,4.18539573417945,3.79682616989326,3.44993141289438,3.42520182773754,2.90159658420694,2.88600174909197,2.95755938970065,2.76798881173107,2.67585592997458,2.53877771839888,2.38394214933397,2.2824189260708,2.00447240664141,2.35336363246581,2.16714590291723,2.2250578636572,2.38802779262427,2.36146879396959,2.35894150445711,2.56813778044438,2.40127704721765,2.22562546516288,2.31307902286199
France,FRA,"Agriculture, value added (% of GDP)",NV.AGR.TOTL.ZS,3.13683503140822,2.61435094645531,2.59278875102455,2.29573275639404,2.40069431554573,2.44477223085466,2.40428151846333,2.34425581519473,2.36245983418843,2.23626141060772,2.0983575513075,2.10700819139254,2.01085885192927,1.85016428870167,1.82269094417374,1.68010170422531,1.51849064281003,1.6129929533935,1.51522299962858,1.32316199671353,1.60402828863388,1.6502871934041,1.63179503677703,1.45863217691004,1.55635615985933,1.60564438654459,1.45039325701527
French Polynesia,PYF,"Agriculture, value added (% of GDP)",NV.AGR.TOTL.ZS,1.19318634629758,1.31989180040847,1.23300717110971,2.22244463393037,3.34908308857479,2.6537212300713,3.92932482638459,3.8726448982394,4.05768533902983,4.49411760442641,4.70588232054572,..,..,..,..,..,..,..,..,..,..,..,..,..,..,..,..
Gabon,GAB,"Agriculture, value added (% of GDP)",NV.AGR.TOTL.ZS,7.32444773540664,7.62366643244559,8.25138826962831,8.48423087977842,9.0860151275082,8.0316742081448,7.09283163965943,7.21752275578142,7.02079395085066,7.29362591431557,6.21362452192229,6.14393258219291,5.74386163895503,6.00402093513223,5.46729104251047,4.98463861102881,4.91120031463828,4.95783080287957,4.22984203194841,5.04476659880045,3.91337973704563,3.43176097697399,3.35367592539782,3.32892238651401,3.62137445345616,4.31116599047451,4.97196351647294
"Gambia, The",GMB,"Agriculture, value added (% of GDP)",NV.AGR.TOTL.ZS,24.3425539103612,18.158871137899,17.3256885880758,17.2064317037046,19.2307274500809,21.3587381999845,17.9458861689629,20.5803417396121,19.2035389947766,24.01224521455,24.5322844709577,25.4256323774963,24.1249321438198,26.7482904903386,26.8487026062942,27.0658841668536,21.8160119662769,20.4614367671481,25.1988755657164,26.2187465099804,28.9526854699572,18.8854660872851,20.3434462676852,18.8643379532236,17.3803396215563,17.3036704595526,16.9861781690808
Georgia,GEO,"Agriculture, value added (% of GDP)",NV.AGR.TOTL.ZS,30,26.5625,52.3458445040214,58.031701114235,64.475850604012,51.5200516733078,33.1516467701979,27.5075162021817,26.2434736748812,24.7222716604008,20.602084683333,20.9615222995044,19.2410233011527,19.3012247601988,16.3949206415385,14.769662813784,11.1991031536859,9.19588349590616,8.13143072148454,8.10148825795435,7.2787470028608,7.61965544295855,7.38835080072412,8.17589764580973,7.98650175288873,7.89664596515515,7.72741729346126
Germany,DEU,"Agriculture, value added (% of GDP)",NV.AGR.TOTL.ZS,..,1.0630459551842,0.965186513460586,0.916244888622001,0.927831108731403,0.94661063363667,0.992514224012625,0.982974851176103,0.931558841162801,0.912885978846228,0.953186422739643,1.03933756909879,0.855885827573564,0.78303484559115,0.908033929059024,0.68661283172379,0.705776663532853,0.742749370332202,0.804726474974041,0.660412635960135,0.647271768873592,0.7386649501317,0.702906905077839,0.87890625,0.689725726094385,0.555221526785274,0.553171864315135
Ghana,GHA,"Agriculture, value added (% of GDP)",NV.AGR.TOTL.ZS,44.8476174659294,45.5104758789699,44.779057218035,36.9308643888329,37.790585975024,38.7785905027284,38.9550830342103,35.7815976306205,36.0141073080481,35.7763437934285,35.2715219593039,35.2418001245052,35.1483770619295,36.5454059013539,37.9524260930096,37.4530129301836,28.948945669407,27.294114484663,29.4080967578414,30.9933842095403,28.0387379636491,23.663704967184,22.1311546901572,21.6579574431549,20.5377649565945,19.0815458278871,17.6664037665972
Gibraltar,GIB,"Agriculture, value added (% of GDP)",NV.AGR.TOTL.ZS,..,..,..,..,..,..,..,..,..,..,..,..,..,..,..,..,..,..,..,..,..,..,..,..,..,..,..
Greece,GRC,"Agriculture, value added (% of GDP)",NV.AGR.TOTL.ZS,..,..,..,..,..,7.37580634264129,6.58492637444062,6.24163597462784,5.96504872645727,5.78349477127326,5.43524817365646,5.20270204764368,4.98711341214498,4.99978358614413,4.27540742211211,4.28422332730632,3.20123845505304,3.03734754554956,2.8072498262461,2.80495428402165,2.88403081993805,2.95071544544105,3.23772723475805,3.20729291255642,3.39781194636034,3.74792379254607,3.45722901760207
Greenland,GRL,"Agriculture, value added (% of GDP)",NV.AGR.TOTL.ZS,..,..,..,..,..,..,..,..,..,..,..,..,..,17.8776281320907,16.4247761712713,16.9456689293345,16.2460844505701,14.3313220056666,14.7283901198521,11.5861031645383,13.3982099730075,14.5808036302829,16.1929017960507,14.947174643829,17.3619308335636,16.9282306245098,18.6557454447635
Grenada,GRD,"Agriculture, value added (% of GDP)",NV.AGR.TOTL.ZS,8.88479939248871,8.9187032808351,7.78476420567037,7.43277079817414,7.11657151801562,7.17646437393829,6.0008525621633,5.58635228941031,5.22580159122587,5.37224072714738,5.16480146494623,5.36590076582019,6.29051955717342,5.86974887101655,5.0143352561992,2.96486849159718,3.89055494436817,3.55708232832337,3.7673235177177,4.62640919889156,4.51317499389574,4.44783398246364,4.83221185639477,4.83540251850236,6.10173913043478,7.42834096121826,6.238367502549
Guam,GUM,"Agriculture, value added (% of GDP)",NV.AGR.TOTL.ZS,..,..,..,..,..,..,..,..,..,..,..,..,..,..,..,..,..,..,..,..,..,..,..,..,..,..,..
Guatemala,GTM,"Agriculture, value added (% of GDP)",NV.AGR.TOTL.ZS,25.8791598201071,25.739981757218,25.2850480357025,24.8661004165455,24.4872663963369,24.1507235373736,24.0560999377549,23.7267418759523,23.4398988332233,23.0463598231227,22.8211479342179,13.9466399802497,13.9437154585642,13.2595215566017,12.8618870246483,12.3920206866744,11.2646783971397,11.451600978616,11.1504676024348,11.6577804043303,11.0542369421244,11.0748439403577,10.5537300841349,10.6330226874688,10.7003225239777,10.4810364747558,10.0094301495352
Guinea,GIN,"Agriculture, value added (% of GDP)",NV.AGR.TOTL.ZS,24.6889470604942,18.2609112659189,16.555935535175,17.3945348842776,20.1684387011389,18.518746865602,17.3994073201129,20.1173641889713,21.1640985820229,21.495465419002,20.981831237982,21.740683481506,21.6316147118148,20.7799678991953,23.3141959078042,22.2810649606166,15.5845634221823,16.8197092296832,15.9800071864814,16.3606188802006,17.4849487340474,16.0697496325309,16.8316731895425,17.5452721202844,17.5237558458343,18.4782419041654,17.8275330755889
Guinea-Bissau,GNB,"Agriculture, value added (% of GDP)",NV.AGR.TOTL.ZS,56.9360486040611,51.2763002619496,47.8346191302551,52.8446108979528,52.2601979968733,51.7975865953754,54.2451842430326,53.6457303263262,61.4162561576355,55.0408302685302,41.7286714348049,37.5079549999131,41.8319889041465,42.3458792171253,41.9916814279146,44.3582884245079,42.2604025631166,43.1756928934391,46.6677169502863,43.9999180334168,45.0880467997574,45.0224585558608,46.8924980131574,44.1356110162071,41.1323465837102,46.788125275653,46.3483590103277
Guyana,GUY,"Agriculture, value added (% of GDP)",NV.AGR.TOTL.ZS,33.5844264379608,34.2763777877141,35.7288581380355,31.0971780165119,31.2246816816984,34.5311587688802,32.3034350711444,29.8215177384599,28.9892783828971,29.4384009792701,25.8453064046446,26.07262167658,26.35101562912,26.9382106871435,26.2193736082033,28.8858697300346,21.5019279430129,18.5735664530273,20.016602597668,17.9345253528129,16.3882828195546,16.3950802391381,16.4532545350078,16.5360754237702,16.5157053310288,17.1492157207645,13.2589164170977
Haiti,HTI,"Agriculture, value added (% of GDP)",NV.AGR.TOTL.ZS,..,30.0418725452232,34.2204798028605,30.9519877385373,34.0750655527394,23.6968846125696,19.6671432246447,21.04299188979,21.3786318396114,22.7783000259913,19.8466814900748,19.7563871645274,19.7289671161782,18.4485859817298,7.90692685220142,18.1270362126938,20.3738495875985,22.7469550679206,22.2149423759927,22.3181573092429,25.6856020932602,20.6301291711518,17.7340113576439,18.2118389265796,17.613849196318,17.082190187988,17.5279402633351
Honduras,HND,"Agriculture, value added (% of GDP)",NV.AGR.TOTL.ZS,19.9649046821409,19.4802004413387,17.4787239361702,17.691392304641,20.8925230406763,18.732503266057,19.2366476142621,19.9279202883188,16.3164769016724,13.6206807097644,14.3725235386886,13.1659906583333,12.1834127398259,11.6140985227332,12.1707041468662,12.4709247586633,11.8565791514775,11.9110474415928,12.1501702062634,10.8250414864446,11.5912204379757,14.2196558016977,13.5662940347061,12.1911279403961,12.5383501333105,12.2159784468116,12.0972168744978
"Hong Kong SAR, China",HKG,"Agriculture, value added (% of GDP)",NV.AGR.TOTL.ZS,..,..,..,..,..,..,..,..,..,..,0.0873270375124953,0.0894680511254657,0.0881032820206869,0.0751987993656245,0.0731235605934626,0.0674869434363105,0.0629926078474022,0.0614869792991817,0.0541731796493912,0.0656925288308839,0.0533684018528068,0.0487999048815413,0.0546866831053985,0.0572883662527095,0.0661945438173809,0.0679653751855497,0.076201151769569
Hungary,HUN,"Agriculture, value added (% of GDP)",NV.AGR.TOTL.ZS,..,..,..,..,..,7.08733739767391,7.18177024130975,6.25962339081849,5.95518315883055,5.24439559602702,4.87723139212562,4.85105713459653,4.18039480692029,3.84874421845582,4.29363988968612,3.67427043051647,3.49723586515819,3.40166168397195,3.36333178027354,2.96542570704182,2.9858915460977,3.90535743268542,3.84496903936561,3.8520218003214,3.96553258799254,3.71018214310582,3.71871852089422
Iceland,ISL,"Agriculture, value added (% of GDP)",NV.AGR.TOTL.ZS,..,..,..,..,..,..,..,8.28657770580208,8.20240287088251,7.62080787644543,7.03644457870792,7.53335238815588,7.58706771453499,6.32856919337574,5.29766702893486,4.79895002037943,4.75377948016324,4.30923907837179,5.01246183043523,5.82229554846566,6.51666346351506,6.76975110733686,6.71258131239805,6.00409528084605,5.2632328637857,5.44853905388636,5.11394439629173
India,IND,"Agriculture, value added (% of GDP)",NV.AGR.TOTL.ZS,27.2056320780454,27.6474330699795,26.9763601087434,27.1908264042632,26.6919749648371,24.738004340933,25.7092177249223,24.6252244173284,24.6590730616836,23.2532355577787,21.8573679189033,21.8690478034929,19.7612880616122,19.8056998927358,18.0194561290688,17.8422604189637,17.3941157282415,17.331462938814,17.3100958351778,17.282726270637,17.5173523891571,17.1919735574898,16.8453770659702,17.148423543466,16.7919345145807,16.1679868554202,16.2845948141203
Indonesia,IDN,"Agriculture, value added (% of GDP)",NV.AGR.TOTL.ZS,21.5487236013604,19.661807287925,19.5214104727292,17.8798444276384,17.286262325045,17.1383462031211,16.6723498219946,16.0920942915342,18.0828738790912,19.6126854952608,15.6787044387708,15.9949177621389,16.3196695153355,15.1853482186248,14.3357802955642,13.1266186400506,12.9738027192484,13.7166831034562,14.4817402607762,15.290148146172,13.929212707137,13.5122870743946,13.3739742350727,13.3566991621949,13.3367549992146,13.4926435578886,13.471110915125
"Iran, Islamic Rep.",IRN,"Agriculture, value added (% of GDP)",NV.AGR.TOTL.ZS,12.49086055772,12.0142415524258,12.0543300718633,10.3983707071356,10.5515623445847,12.6102361431188,10.3464772313471,9.81269950030897,11.5550578925523,9.91498621545134,9.068419327037,8.31084200246538,7.82554689747954,7.45109456120195,6.88957846945804,6.50138220908675,7.11821124095939,7.18556823147502,6.1227725911112,6.92448961486292,6.49939072557204,5.44726700369877,7.61836337076074,9.75366509097208,9.78225737977002,10.484703582666,9.63736554520251
Iraq,IRQ,"Agriculture, value added (% of GDP)",NV.AGR.TOTL.ZS,8.24886234611499,15.6156658406279,19.8705741718241,15.5027143118743,20.1121034238266,20.5851365851446,18.5970823288737,8.45660188493531,10.9097070962474,7.20350392397431,4.63474550697269,6.9309570545315,8.5626717122094,8.40560829262466,6.93856130624701,6.88686273542446,5.82603290514173,4.92949827595085,3.84778019548826,5.22993319137947,5.16228354680036,4.56377343749618,4.12427143758484,4.768,4.898,4.749,5.1
Ireland,IRL,"Agriculture, value added (% of GDP)",NV.AGR.TOTL.ZS,..,..,..,..,..,5.76917324282362,4.83884868646655,3.90548896593854,3.47702460531222,2.57399778068462,2.50478358664644,1.99340421641451,1.7335619584044,1.477926698073,1.5727936372245,1.03180957477825,0.918109414408079,1.03995025601701,0.845436930248417,0.554019503000936,0.957172032407773,1.20931673305058,0.99148370712811,1.12400406703824,1.2874198430778,0.89311668184198,0.924812867718969
Isle of Man,IMN,"Agriculture, value added (% of GDP)",NV.AGR.TOTL.ZS,..,..,..,..,..,..,..,..,..,..,..,..,..,..,..,..,..,..,..,..,..,..,..,..,..,..,..
Israel,ISR,"Agriculture, value added (% of GDP)",NV.AGR.TOTL.ZS,..,..,..,..,..,1.7215726137471,1.57722513938418,1.47898714299151,1.66609199480409,1.43336329457395,1.26491204666347,1.47149101339152,1.50339294250056,1.40611901466268,1.32671834022825,1.56261026200898,1.50810446119763,1.44634379149309,1.49520742518364,1.74663544212536,1.50469464791468,1.52765810538213,1.22062049068119,1.19677662572294,1.14453907592536,1.17245699056556,1.16816335386486
Italy,ITA,"Agriculture, value added (% of GDP)",NV.AGR.TOTL.ZS,3.16508073480087,3.22159196776948,3.10097272239707,2.98227853287016,2.97534949522726,2.96153214358739,2.95534653045799,2.83802863683092,2.75423282881234,2.71245516047681,2.55234084877479,2.48421306127339,2.36423221321655,2.35002332622138,2.34491678085883,2.02900467233729,1.93976854881718,1.8907324950539,1.86694758842136,1.78968709785112,1.77104663123954,1.88585646734347,1.96482908883537,2.09486593878807,1.94081712281062,2.01887025244667,1.89270567009178
Jamaica,JAM,"Agriculture, value added (% of GDP)",NV.AGR.TOTL.ZS,..,..,..,7.64724952476385,8.5065104238843,8.59708931074463,8.00341035786896,7.63385216493667,7.17123535052869,6.67959721253552,6.23190015732816,6.12073592592505,5.5443040664747,5.2138620043709,4.98216525525125,5.18624085360629,5.15582607453948,4.61760640988582,4.89912215623133,5.47227301570614,5.26943157113039,5.6492082432999,5.77406800616355,5.97495352705215,5.97313290139628,6.30229020153605,6.6277156744381
Japan,JPN,"Agriculture, value added (% of GDP)",NV.AGR.TOTL.ZS,..,..,..,..,1.94184804053614,1.69004785366732,1.69495683681595,1.55731850582944,1.63252076383717,1.60053328016953,1.53599921018557,1.38260628483475,1.39211087428307,1.31480224997754,1.2423281853267,1.12536364829677,1.09429154321186,1.06090374019961,1.05840864794359,1.08261270150623,1.10225982049905,1.0754189233601,1.14179569465804,1.10418708697322,1.05626649230554,1.11029279352945,1.1503293367689
Jordan,JOR,"Agriculture, value added (% of GDP)",NV.AGR.TOTL.ZS,6.88157810956965,7.2447599729547,6.8411832080255,5.12947342004233,4.42622167691384,3.68533277495376,3.22800748592277,2.88742233965049,2.57924463836322,2.00576310757527,2.01543037624994,1.95362992792269,2.19216506334039,2.46702062957589,2.49769493915453,2.75845901943469,2.5838052985401,2.53150696087877,2.41638659486963,2.71517346129858,2.98930988206952,2.92178916339915,2.75200339354495,2.99238010116626,3.32355349086667,3.67857344788877,3.78691866152101
Kazakhstan,KAZ,"Agriculture, value added (% of GDP)",NV.AGR.TOTL.ZS,..,..,23.3416252072968,16.4384453031802,14.9475474934635,12.3293860124829,12.1521551443733,11.4067790275051,8.56579510270654,9.88634864043421,8.11078388505165,8.72483186377084,7.99590909279888,7.86220602699238,7.12295798751998,6.36952301555866,5.49583486199441,5.66029151907027,5.31580324655219,6.14688498650048,4.51052752955614,4.9889741557576,4.28833015629833,4.50354556962711,4.32955246164473,4.71054741881579,4.55600427070659
Kenya,KEN,"Agriculture, value added (% of GDP)",NV.AGR.TOTL.ZS,25.3141333603755,24.3201481720275,24.781287223819,26.8080134088411,28.1153566812096,26.3496195621312,27.4925217805866,27.6939373994727,27.7449136009738,28.7440796130558,28.7217806412905,27.8492601112896,25.8539676039456,25.8044393708329,24.9290410875057,24.2362747002419,20.5196878049409,20.5866644602991,22.1963401579826,23.3604009934043,24.8262174872647,26.3036586714302,26.2105328348823,26.4433297881958,27.4509408107841,30.1924094503557,32.1353259834783
Kiribati,KIR,"Agriculture, value added (% of GDP)",NV.AGR.TOTL.ZS,11.1333333333333,26.8252459016393,30.4827692307692,29.4165217391304,29.3485333333333,28.4990789473684,26.0783529411765,23.9096703296703,24.3856730769231,25.1644859813084,19.9597413793103,20.3986065573771,21.6549974112916,23.4476760692453,24.4015928309675,20.4715491891141,21.2920555593325,21.681666807453,23.7554064922522,23.4271684997911,23.5246981772744,24.4556720564251,23.1259067970894,22.181676181574,..,..,..
"Korea, Dem. People’s Rep.",PRK,"Agriculture, value added (% of GDP)",NV.AGR.TOTL.ZS,..,..,..,..,..,..,..,..,..,..,..,..,..,..,..,..,..,..,..,..,..,..,..,..,..,..,..
"Korea, Rep.",KOR,"Agriculture, value added (% of GDP)",NV.AGR.TOTL.ZS,7.6019549618309,6.81567767874037,6.6009703316239,5.90021017583884,5.65973563477758,5.33759699492058,4.99516981307759,4.51983238901467,4.27650946619565,4.31453866432947,3.94364095099283,3.69110659378297,3.35496717650195,3.14338624514792,3.18438880905299,2.84031057712389,2.69509611568539,2.44596302083723,2.26195350225198,2.34724467438703,2.23640410081972,2.28516801845303,2.23419727095596,2.12930133602864,2.12372919803136,2.08501385344217,1.92759592297656
Kosovo,XKX,"Agriculture, value added (% of GDP)",NV.AGR.TOTL.ZS,..,..,..,..,..,..,..,..,..,..,..,..,..,..,..,..,11.4559940935798,13.5583621226709,14.7932643877245,14.1340672301946,13.6041439476554,12.770247796441,12.2077049277539,11.9882876288079,11.8868432869331,10.3256470750314,10.4599064373723
Kuwait,KWT,"Agriculture, value added (% of GDP)",NV.AGR.TOTL.ZS,..,..,..,..,..,..,..,..,..,..,..,..,..,..,..,..,..,..,..,..,0.451644694081762,0.438939018997168,0.359794918948652,0.355117518793491,0.45068694109742,0.537807520602901,0.567649358633821
Kyrgyz Republic,KGZ,"Agriculture, value added (% of GDP)",NV.AGR.TOTL.ZS,32.6757666417352,35.257698541329,37.2650748684743,39.1058322595103,38.3644502129925,40.6816928975355,46.3176248862145,41.1876085603392,36.0552815273804,34.881611428815,34.1875919159793,34.5410938601822,34.4048492301983,33.6221704592395,29.904440274024,28.4832783609781,28.6802911420992,26.8802101795871,23.4855331532901,18.7607374707352,17.4482561772443,16.56531665018,16.654196378216,14.6378725497812,14.7186631194877,14.0607643300857,12.8344731564928
Lao PDR,LAO,"Agriculture, value added (% of GDP)",NV.AGR.TOTL.ZS,46.4688634742615,43.9597849220626,46.7255908986495,43.4169170541341,44.0851035390134,42.2262356024676,40.4982887781639,51.8527062357351,33.9387656669506,34.3119793648135,33.6302510318769,32.6831929430766,33.3863040963234,32.0861145750247,30.5213475172869,28.2951353436906,26.7296699146635,25.7881486764568,24.1764814322901,24.2053770847542,22.595794134322,20.7912551867811,18.5484865741669,17.9304984280698,17.8487917821046,17.5881439572026,17.2303101257028
Latvia,LVA,"Agriculture, value added (% of GDP)",NV.AGR.TOTL.ZS,..,..,..,..,..,7.90331338985573,6.81432975205675,5.09198527879596,3.94269976660442,3.86512911399186,4.57945843429019,4.51088160023249,4.61847910873462,4.0600876133756,4.29132501358527,3.80803975397346,3.2951045369055,3.32682174005477,2.97181231259934,3.30501116160529,3.9404096838417,3.44924022895211,3.27239634548961,3.28030243053501,3.34163584187305,3.64263239256188,3.424962359006
Lebanon,LBN,"Agriculture, value added (% of GDP)",NV.AGR.TOTL.ZS,..,..,..,..,6.46664063435005,6.79485642804177,6.18307844347123,6.70515463917526,6.08818692875444,6.19685009342943,6.23750960799385,5.86311872815424,5.66292601828761,5.48637489677952,3.78284267173156,3.5399333146365,4.44031894820135,4.87179487179487,4.48800408037946,3.92843820610467,3.84711735148271,3.79050718879505,3.73724006990488,3.98079525074591,4.0808219165499,3.45490704840597,3.45490704842328
Lesotho,LSO,"Agriculture, value added (% of GDP)",NV.AGR.TOTL.ZS,12.1616496818622,7.3249998637437,9.07708540637459,8.33023557219121,8.26243340650866,8.78063229571904,7.68928327922944,7.00319653162587,8.3229928018757,8.78463025395403,7.82713481504646,8.29887058675374,6.39531283270572,6.34688612370652,5.98400675567569,5.67113040473066,4.8427648086475,4.98115742735239,5.20886743097209,5.7362909539868,5.12364822989117,5.15211508649453,4.99762592305219,5.92483369729853,5.62112485115297,4.96991944526866,5.19813048169117
Liberia,LBR,"Agriculture, value added (% of GDP)",NV.AGR.TOTL.ZS,54.3704474505723,55.6034482758621,51.2751677852349,50.6234413965087,52.4205748865356,81.8249258160237,93.9774153074028,76.9516728624535,78.642936596218,76.1883205070168,76.0738480707271,76.532763915547,79.0423204419889,72.2400721153846,65.0469770381294,66.0335636363636,63.8188007229455,65.5978697401124,65.1746005043289,58.0357104210251,44.7999999381139,44.3004011906303,38.8020397579948,37.2280606216286,35.7675111773472,34.3706981317601,34.1980009519277
Libya,LBY,"Agriculture, value added (% of GDP)",NV.AGR.TOTL.ZS,..,..,..,..,..,..,..,..,..,..,..,..,5.18529909272643,4.09220701963117,3.34262291274762,2.51001097978428,2.2206986343112,2.1807474837529,1.84947245017585,..,..,..,..,..,..,..,..
Liechtenstein,LIE,"Agriculture, value added (% of GDP)",NV.AGR.TOTL.ZS,..,..,..,..,..,..,..,..,..,..,..,..,..,..,..,..,..,..,..,..,..,..,..,..,..,..,..
Lithuania,LTU,"Agriculture, value added (% of GDP)",NV.AGR.TOTL.ZS,..,..,..,..,..,9.87494575812329,10.9390243229546,9.42036727361494,7.66157510520634,6.38213499586327,5.57906457922664,4.86828578916371,4.76892208854172,4.41794933426611,4.16876357944246,4.32389888931717,3.86009183768496,3.4718857304286,3.28025924513691,2.53290939882076,2.99074740793108,3.47358905931867,4.01780246858776,3.57914578546034,3.42271328994342,3.44004818283099,2.98696932061041
Luxembourg,LUX,"Agriculture, value added (% of GDP)",NV.AGR.TOTL.ZS,..,..,..,..,..,0.912723150405647,0.810013529144141,0.740050725043519,0.804875977828625,0.722728092277751,0.622883964280037,0.595635322469427,0.720095959662576,0.503200155492311,0.554197547595846,0.355382297782561,0.339953523446583,0.408863948558309,0.3122355904092,0.253276964945076,0.247223517298553,0.252350036648048,0.359339088293131,0.276884340410963,0.265289363353935,0.230243007607322,0.242412113157273
"Macao SAR, China",MAC,"Agriculture, value added (% of GDP)",NV.AGR.TOTL.ZS,..,..,..,..,..,..,..,..,..,..,..,..,..,..,..,..,..,..,..,..,..,..,..,..,..,..,..
"Macedonia, FYR",MKD,"Agriculture, value added (% of GDP)",NV.AGR.TOTL.ZS,7.52670329171037,11.406587913103,15.2361410406477,10.5432452977523,11.1251307638192,11.1611265858619,11.2208114048431,10.9731942763661,11.4249180804147,11.0630110968866,10.0966836385866,9.74472350659487,10.1705075005511,11.5384042814503,11.5539948572935,9.73619454882038,8.98936805638514,8.93241688545385,11.4435151485936,10.3701684908181,10.1208334857854,9.35077749005786,9.10493397299782,10.0274760854448,10.1777568035237,9.73935941530524,9.11149293432251
Madagascar,MDG,"Agriculture, value added (% of GDP)",NV.AGR.TOTL.ZS,26.0724734756468,27.8697461492542,26.7530377248829,26.7725897573772,22.3530110157152,24.7989225253087,25.3278101409134,29.1744510811272,28.1142886949846,27.252799176671,26.466650016565,25.7319284738707,29.8336487266929,26.7705494868407,26.1813524243661,25.6802619468927,25.1261681382212,23.3939782462844,22.3202628549034,26.8432266764541,25.7652480035448,25.9601474529335,25.7722427990738,24.2936862981342,24.3491568095257,23.4861075834636,21.3442558589215
Malawi,MWI,"Agriculture, value added (% of GDP)",NV.AGR.TOTL.ZS,38.4826059742569,39.6478106642522,34.932562766919,44.7828046163217,22.3412094813174,26.8642791408043,31.4179037435869,30.3104880708821,32.1904874946576,34.4000768621901,35.6608481454938,35.2826737728984,38.8184059615834,36.2226652993251,34.7139476057526,32.9145764838685,30.8673246525606,27.5112790183583,29.9758065486818,30.4290029672226,29.6148722529818,28.7723804157092,28.2889262394967,28.673642187669,28.702698759338,27.4812238583409,25.9270434125021
Malaysia,MYS,"Agriculture, value added (% of GDP)",NV.AGR.TOTL.ZS,15.2165332840671,14.3558091516618,14.5725074826952,13.7868554470855,13.661107131894,12.9499442626488,11.6804805088854,11.1016873968665,13.3125503099801,10.842315953266,8.59930247109295,8.01097059098812,8.98484389841654,9.30608521643197,9.27119348421788,8.26233664717851,8.60997964084098,9.98674649051613,9.96861085423951,9.219069273159,10.0899159275121,11.4533531198278,9.79375074645921,9.11336384538206,8.87320901302643,8.46022753283817,8.65533443891653
Maldives,MDV,"Agriculture, value added (% of GDP)",NV.AGR.TOTL.ZS,..,..,..,..,..,11.4638210429931,10.7367421241275,9.85129739888306,9.54817436693465,9.19523204006418,8.76095309483164,6.41945263355554,6.22426493642223,5.31119298853852,5.58419942501182,7.72803149964175,6.59515840370508,6.16535560195977,6.87564674670536,5.41948176665845,5.63412062612204,5.385634653611,5.19060478867434,5.41343405241382,5.30718633604263,5.70425281373465,5.88088087532748
Mali,MLI,"Agriculture, value added (% of GDP)",NV.AGR.TOTL.ZS,37.4176793882017,39.2746643905987,36.9963328069799,39.0466506813142,36.8356936333462,37.7089536647179,36.8792067938505,35.9621716453204,34.560670864381,35.5557160308632,32.9018677247122,32.8136059590433,32.7141837452601,29.8766298501644,30.0155098700279,32.3784818407707,29.7905088284199,31.3528746829182,33.1323471820487,31.7666384667276,33.0168300296146,34.5586305785061,38.1141024753005,36.7320515235235,37.3099517160414,37.6615570228618,38.3532599608657
Malta,MLT,"Agriculture, value added (% of GDP)",NV.AGR.TOTL.ZS,3.15176840512303,2.98488319287426,2.76372975029456,2.74297039949832,2.5611093446674,2.48851184164016,2.51868161195623,2.4973735554555,2.48697366568089,2.29980965294256,1.99094404878382,2.28358767699456,2.21649919783839,2.09606440444658,2.02785996055227,1.93695182901927,1.94017935055049,1.72991749891446,1.22375055068775,1.48242270224481,1.45617092203955,1.39152314395158,1.30878512235274,1.19057490217633,1.13606665800569,1.09976087093323,1.16170721900223
Marshall Islands,MHL,"Agriculture, value added (% of GDP)",NV.AGR.TOTL.ZS,..,..,..,..,..,..,..,..,..,..,..,..,..,..,9.45559240132798,8.49129181011059,8.53184396876794,8.77287080992721,9.85515004887809,12.2128359733162,15.0453835985775,15.186154537242,21.1316710241974,20.3248590520856,15.6791070224407,14.3380706715266,15.9227825208592
Mauritania,MRT,"Agriculture, value added (% of GDP)",NV.AGR.TOTL.ZS,26.554647799175,34.69066265769,34.6346661591529,34.758081198581,33.8981848892088,34.1353174238528,32.9997171965912,30.3894264599589,31.4749596096711,33.8282278710819,34.3661794462801,33.5908859002749,32.7789959763547,34.4392896126096,32.625190684416,28.1720663687521,21.4165768274101,23.6185475675719,23.4387513551737,24.1117939237259,20.2932660439434,17.0922633822494,17.9313589332955,17.996074990329,21.9066251208133,24.5231814291077,23.9901727983635
Mauritius,MUS,"Agriculture, value added (% of GDP)",NV.AGR.TOTL.ZS,10.8874239350913,9.96889923744731,10.0126467517514,9.15098676757739,8.66609010237285,9.19812002751761,9.06308266231804,8.30904371956732,8.12765717278404,5.30102105718789,6.09225533253783,6.50472729320047,5.53727501291392,5.48706942643967,5.59799923186746,5.2821581694249,4.9064477049401,4.37598692846311,4.07487669478706,3.88063998683832,3.64174219127995,3.70364769678842,3.65727062205542,3.3754299846669,3.25917839525381,3.15399384717475,3.187929111129
Mexico,MEX,"Agriculture, value added (% of GDP)",NV.AGR.TOTL.ZS,7.18054548801052,6.88295134162428,6.11183204275353,5.10049986844184,4.61686056209261,4.42487070737758,4.868467241268,4.45028675189157,4.15870216041237,3.68106668954497,3.32308631189687,3.40326534775438,3.27828185504542,3.38748649595129,3.33919043587465,3.07320418494207,3.0758258597569,3.18171470291719,3.16037878895194,3.24149409965482,3.21915451733854,3.08846165333022,3.17392488377775,3.13878370998625,3.13526004427676,3.20034455206317,3.35317642734475
"Micronesia, Fed. Sts.",FSM,"Agriculture, value added (% of GDP)",NV.AGR.TOTL.ZS,..,..,..,..,..,24.0671470430916,23.5522562243626,23.2269358720118,25.5193124215215,23.8385211671323,24.2665599891607,23.343535293826,23.4795072024324,23.1863278759037,21.9720553105952,22.4396431204692,22.3546995451679,25.0048843640843,26.2282006685959,25.0606322319568,24.7809489760643,26.3513023849813,28.0636737832735,26.3094944177827,24.7645996471755,26.060108883304,27.0794527005209
Moldova,MDA,"Agriculture, value added (% of GDP)",NV.AGR.TOTL.ZS,..,..,..,..,..,29.2729606196731,27.4840973186096,25.9640933142247,26.6989243647846,24.8807457747288,25.4095697414816,22.6703499117856,21.0218294511342,18.3280170497628,17.5868606977378,16.3998525544642,14.4987571827348,9.9830503973165,8.81099788633607,8.49664527286313,12.0433719335286,12.2590540375603,11.2166032382124,12.3201671475475,13.0472414100848,12.2398831621289,12.1097993308567
Monaco,MCO,"Agriculture, value added (% of GDP)",NV.AGR.TOTL.ZS,..,..,..,..,..,..,..,..,..,..,..,..,..,..,..,..,..,..,..,..,..,..,..,..,..,..,..
Mongolia,MNG,"Agriculture, value added (% of GDP)",NV.AGR.TOTL.ZS,12.4738366427747,11.8115698150791,25.557106309353,25.7093652335307,27.4826138521656,32.5428245706631,38.4770045574782,32.2368838484952,32.4333687636968,31.6978330669609,27.4225306231533,22.9688875084999,18.919125275033,18.4395172051068,20.0297765271852,19.7979604915498,17.6436708395409,18.4279653888713,19.2151247825371,17.8644380709085,11.7325631980129,10.3073568180221,11.25802455755,13.4140624661601,13.3412210877097,13.3561451328882,11.6817537548278
Montenegro,MNE,"Agriculture, value added (% of GDP)",NV.AGR.TOTL.ZS,..,..,..,..,..,..,..,..,..,..,11.3018779223777,10.8112052258109,10.923782282981,9.91498733882161,9.2619220581357,8.757659804936,8.21140010047796,7.22907471458209,7.44048654800711,8.26818389210544,7.67808287121331,8.07294825378739,7.45245288664758,8.03466011119167,8.09984036646308,8.06118573423757,7.47233204879655
Morocco,MAR,"Agriculture, value added (% of GDP)",NV.AGR.TOTL.ZS,15.0951754132603,17.4994367386153,14.0427572103275,13.0694074271171,17.2595077231236,13.4926498510091,18.4399801016561,14.6341801323036,16.1124884056457,13.8655430543884,11.8772796274601,13.1919619278372,13.200521732676,13.9231059316165,13.1609045519777,11.8160299368527,13.6024808365782,10.8631260327707,11.9591217907858,13.0286192204766,12.9435245416913,13.1199875133676,12.3295603982163,13.3895668114081,11.6707228352185,12.7959740303373,12.0248711026956
Mozambique,MOZ,"Agriculture, value added (% of GDP)",NV.AGR.TOTL.ZS,34.1035150836584,36.1567955856922,31.5108324527381,35.1856252996269,31.9954241947852,32.8919008605032,31.8492829303958,31.410577060027,27.8174472062278,24.290205466524,20.1145391159568,19.1721674007002,23.9830108846935,23.8173050633921,23.2966875908024,23.4588311384822,24.5619551163463,24.667402653908,26.8562334140111,27.9009801269615,27.3439023591681,26.2958842850096,25.2325154212728,24.0814894082331,22.7504376861514,22.9439702806779,22.54724319803
Myanmar,MMR,"Agriculture, value added (% of GDP)",NV.AGR.TOTL.ZS,..,..,..,..,..,..,..,..,..,..,57.2386452556232,57.0691916368966,54.5283327348715,50.6205608618969,48.1650901865787,46.687240402588,43.918958474559,43.3227660063538,40.2750956375485,38.1081206105058,36.853075751266,32.4961825024034,30.5901997024538,29.5337253604993,27.8297163088971,26.7717952136965,25.4638822877583
Namibia,NAM,"Agriculture, value added (% of GDP)",NV.AGR.TOTL.ZS,9.00876357531381,9.92083540151959,7.04465980727162,7.49584171407897,10.2123165374411,9.53367988407248,9.43359741301537,8.61872543352315,8.69309231545385,8.88005908065224,10.7683257167622,9.70424490637216,10.0031040131157,10.2053152784547,8.94294524773262,10.3789823938324,9.66804693862442,8.54689072791146,7.6300669061913,8.25322770550368,8.57779153605123,8.231879363485,8.05447519990682,6.34446082938625,6.68928067327184,5.88283517947904,6.09913974187168
Nauru,NRU,"Agriculture, value added (% of GDP)",NV.AGR.TOTL.ZS,..,..,..,..,..,..,..,..,..,..,..,..,..,..,..,..,..,..,..,..,..,..,..,3.3718179371308,3.15427911494399,3.64253320227483,..
Nepal,NPL,"Agriculture, value added (% of GDP)",NV.AGR.TOTL.ZS,48.8028931693355,44.7233867254707,42.6652627388118,39.8959483612436,40.4417078164519,39.0414052697616,38.9276574546127,38.7807338697315,37.3930096893749,38.701481715375,38.2438970402226,35.2476337371665,36.1502950311573,35.1058750871034,34.6763571054627,33.824896676688,32.3664850386189,31.1644113230204,30.3057163664183,31.3226520633995,33.1793784908122,34.9791580404315,33.1480007123477,31.5346036102421,30.267148397123,29.3829458795774,29.1698518537893
Netherlands,NLD,"Agriculture, value added (% of GDP)",NV.AGR.TOTL.ZS,3.96439499577998,3.85397222572733,3.59493451878119,3.14794747198053,3.17444002662718,3.06724329242241,2.8305041001396,2.92414805965569,2.51159087114547,2.27631027051524,2.24009677253767,2.16951684092168,2.02224060214236,2.00129867310345,1.79887353298762,1.78992648581677,1.88221238510252,1.75450039133838,1.58003513970615,1.48848657576837,1.71461508253208,1.5082536329828,1.58486834355296,1.71551655462751,1.65850185819779,1.62438895204819,1.64280194295522
New Caledonia,NCL,"Agriculture, value added (% of GDP)",NV.AGR.TOTL.ZS,3.62420976494962,3.61893221471041,3.61941140272947,3.70268401047854,3.87614587265786,3.5472647466753,3.48364449627265,3.67491287995602,..,..,..,..,..,..,..,..,..,..,..,..,..,..,..,..,..,..,..
New Zealand,NZL,"Agriculture, value added (% of GDP)",NV.AGR.TOTL.ZS,7.58333661559468,8.36733082409918,8.24170912666488,8.71300023679849,7.74212116851345,7.5720891567517,7.67252549430767,7.26906710935562,7.01414436425248,7.33381024295896,8.90619002319798,9.0869538193797,6.94550269638485,6.64558276010021,6.3574839218934,5.62248749501335,6.17214372036813,8.0911552829603,7.24196670129788,7.87846652012087,8.64113176755115,8.15649898471682,7.23725353148911,8.57572696597821,6.26532583657395,5.48676110308436,..
Nicaragua,NIC,"Agriculture, value added (% of GDP)",NV.AGR.TOTL.ZS,..,..,..,..,19.019221586678,20.0803864575286,21.4055297505817,19.9567713388075,19.1909508834659,17.0002169688192,17.7655051440462,16.8133294680756,16.4301119851034,15.6259025646946,15.9688222709169,16.137898065388,15.8996625466787,16.4613383107055,16.2627898839898,16.0676510041113,16.9826368007048,18.8847883857771,17.6115834733674,16.4909112111851,16.7090173834472,15.9603526323053,14.927132509777
Niger,NER,"Agriculture, value added (% of GDP)",NV.AGR.TOTL.ZS,35.2531844783872,39.1630805519105,38.7535680849758,38.4735490709433,40.7996298115443,40.189603444975,38.9340014398115,38.8685686342772,42.6224837389686,40.7291140769542,37.8397375820056,40.0070126227209,39.5690111052353,39.6472440944882,20.1163814484127,24.7284672345638,42.8805173800816,40.968042133351,43.2054983045104,39.2143528980591,40.8983767882198,38.2507183551733,38.0820024682678,35.8009882046547,36.705793462514,35.9691600704793,39.0221067779228
Nigeria,NGA,"Agriculture, value added (% of GDP)",NV.AGR.TOTL.ZS,29.9572115487582,29.6179651336377,26.1457239973008,32.4131849272191,36.9353568968268,30.8582065054526,30.0623870836736,32.8060692166097,37.5508362872724,34.0462292526449,25.2878104554055,32.4857302735232,47.0955006879644,41.4586067023537,33.4409088963442,32.3928974108651,31.7504788007607,32.2711259422817,32.3588821295397,36.4015119509778,23.5245098949717,22.0327823429759,21.7852315500781,20.7586228225558,19.9902547685682,20.6318934802764,20.9831097070839
Northern Mariana Islands,MNP,"Agriculture, value added (% of GDP)",NV.AGR.TOTL.ZS,..,..,..,..,..,..,..,..,..,..,..,..,..,..,..,..,..,..,..,..,..,..,..,..,..,..,..
Norway,NOR,"Agriculture, value added (% of GDP)",NV.AGR.TOTL.ZS,2.98402368442109,2.91069211365331,2.62774368983622,2.60942249240122,2.60364249149896,2.58959386330317,2.22716959163026,2.06181592606482,2.26420057909614,2.05182740631476,1.82228630015797,1.58840842779395,1.52155422992589,1.30864595431131,1.38727629531404,1.40416362065862,1.40508424998375,1.23941632291604,1.12725855151416,1.29886582664184,1.56723556225202,1.34317921277079,1.12635087650737,1.31344545328922,1.44015966110152,1.5341315076155,2.13340767755994
Oman,OMN,"Agriculture, value added (% of GDP)",NV.AGR.TOTL.ZS,2.5863028333593,2.63254448725005,2.33505294596796,2.39611957698393,2.53256296176998,2.77552712404138,2.50412815143932,2.61926266524345,2.82874671379767,2.6322097715573,2.24248726768525,2.33444306285348,2.32023654275717,2.20600610709048,1.93664930263821,1.61660112124508,1.40186589328768,1.37747345783535,1.11623060794855,1.47646100842233,1.38223833599432,1.2552603169742,1.15750161087937,1.3013475224038,1.27224898954257,1.64280289876953,1.96933136140733
Pakistan,PAK,"Agriculture, value added (% of GDP)",NV.AGR.TOTL.ZS,23.0622831043927,22.9295265971886,23.4295604727498,22.3409482529044,22.9276204532177,23.4218793711634,23.1957958147755,24.4842507882018,25.3031382672009,25.169285514224,24.1396289861951,22.4543828281756,21.7463786766275,21.7266709983986,20.6494899460694,20.2196627517661,21.6079774493194,21.8004724351841,22.5002660331506,22.7173300134617,23.2815896365345,25.1291827073544,23.710248671838,23.8321164648607,23.7445401162272,23.817063587239,23.2151987886214
Palau,PLW,"Agriculture, value added (% of GDP)",NV.AGR.TOTL.ZS,..,..,..,..,..,..,..,..,..,..,3.9660177978986,3.7529158823431,3.71390978070335,3.77085052944946,3.78019809217499,3.81858693386253,4.22792866380777,3.72111182857057,3.99359293821087,4.01303044286755,3.88003312116681,3.83094704621597,3.61611854751337,3.65664562370461,3.27776924853081,2.78586707037497,2.89739206963467
Panama,PAN,"Agriculture, value added (% of GDP)",NV.AGR.TOTL.ZS,8.07413528853972,7.65627624899545,6.91969326281835,6.59005946016762,6.46078992665021,6.48593360449452,6.43514802805209,6.31549153674921,6.42734373563775,6.02110152334673,6.29327342925517,6.73216603655216,6.68270014544212,6.86791069933702,6.43837557263997,6.01557960566712,5.7504590964723,4.84670391519167,4.49466452161026,3.7932294226058,3.6130659267065,3.22939501950923,3.04757530140985,2.94449073831018,2.84985069468435,2.71928869214618,2.49264640678491
Papua New Guinea,PNG,"Agriculture, value added (% of GDP)",NV.AGR.TOTL.ZS,28.9740589038424,25.9790326159308,24.4731233720104,27.5667235109203,32.3635245827532,33.8127754370672,31.6452529177153,35.0330527148426,33.6921420882669,34.2572664869396,33.9663920787198,34.411280936487,37.9906481918408,38.3485879322483,35.9686628123206,..,20.5632138637259,19.6085358959864,20.1764407209952,21.644331990129,19.6093104872007,19.1993808920782,19.2734156675381,19.2598646298275,17.8047921071177,..,..
Paraguay,PRY,"Agriculture, value added (% of GDP)",NV.AGR.TOTL.ZS,..,16.0012443974321,14.948957846145,16.718912733494,18.1637719869064,18.4437813059593,18.3650094060149,16.4279777610939,15.4246550746009,15.2761608972779,14.6802658813308,13.6928967726513,13.9851624943454,17.0109884366679,18.7714784230177,18.0796799218833,17.6010516345735,19.493268988038,21.526426172382,17.2625651296678,20.3713117040841,20.0981093600429,16.3278397416354,19.5441656031032,18.5402433791331,17.3809982354736,18.1224090827025
Peru,PER,"Agriculture, value added (% of GDP)",NV.AGR.TOTL.ZS,..,7.78741508982611,7.78064172995674,8.21474937340237,8.41558546952191,8.03821624273467,8.50404849342949,8.04815854878797,8.37833515800869,8.26450173379097,8.06937491693616,7.89362669632438,7.52396323647705,7.31291934402482,6.93443306205717,6.85426462318893,6.60348433016044,6.70580838491928,7.1609411457846,7.40390665571257,6.82799723597835,7.10011013658205,6.72523424077649,6.66691191347693,6.79439029688124,7.04114735070321,7.00491494318981
Philippines,PHL,"Agriculture, value added (% of GDP)",NV.AGR.TOTL.ZS,21.9038150379164,20.9828278757158,21.8208750043468,21.6042922920099,22.0036599225486,21.6268414035828,20.6178214503099,18.8723321752654,14.759835283478,15.2111204034288,13.9667816643024,13.2022721686033,13.14558688083,12.7042954530983,13.3054364902859,12.6648031885759,12.3691348433377,12.4967357580461,13.2434601384842,13.0806826204701,12.3143278032535,12.7211609024241,11.8337058922236,11.2524664527453,11.3309842700914,10.2601851964309,9.65516734767507
Poland,POL,"Agriculture, value added (% of GDP)",NV.AGR.TOTL.ZS,..,..,..,..,..,5.53523092232573,5.12636182755054,4.46286376833814,3.8413117978316,3.21942945578928,3.09397723256835,3.22087246386102,2.69412065130635,2.58130105327864,3.26655677757748,2.89792300205559,2.6694110433118,3.00647100677414,2.53594480544979,2.48511887410655,2.56590682336791,2.8319070935855,2.66431409853169,2.87392985071474,2.6130835013307,2.20241059202219,2.37975462664307
Portugal,PRT,"Agriculture, value added (% of GDP)",NV.AGR.TOTL.ZS,..,..,..,..,..,4.78982970287066,4.56335889445091,3.82302606054867,3.53401464711754,3.28392139092316,3.10781336787105,2.95575148606481,2.72113547160095,2.64887016969966,2.59633946654691,2.29543855009613,2.24776233608783,1.99580416265403,1.96084383687154,1.94295934315424,1.92485223071316,1.82139770007907,1.90723262226518,2.08024725439832,2.02882318718461,2.05026430787045,1.89699096323224
Puerto Rico,PRI,"Agriculture, value added (% of GDP)",NV.AGR.TOTL.ZS,1.41844578793977,1.39158041505891,1.21280619385898,1.11395623303065,0.930194355695538,0.74658833867001,0.828612882846114,1.32483757717506,1.0982428115016,1.0696564720527,1.08424713703652,0.885441651591425,0.760364964013208,0.806923666998987,0.600580314463803,0.570699793767399,0.559602960736895,0.480540824369192,0.553933990718172,0.588365665017438,0.835524909071105,0.792214020952516,0.803821796527931,0.826451927769644,0.846398778671258,0.828554392666528,0.80002284963512
Qatar,QAT,"Agriculture, value added (% of GDP)",NV.AGR.TOTL.ZS,..,..,..,..,..,..,..,..,..,..,0.372799554496798,0.37593984962406,0.256795868565916,0.234640393168579,0.181799293579888,0.133258478262211,0.121835107463077,0.109942375031018,0.124647566750798,0.123319456383116,0.117906612206567,0.0966101306365461,0.0942544487805739,0.0960782118116757,0.117230483122807,0.159687632968738,0.183087804658287
Romania,ROU,"Agriculture, value added (% of GDP)",NV.AGR.TOTL.ZS,21.8090686560205,18.8710921548165,19.0390101506004,20.991425348626,19.8854005747149,18.0534695103635,17.4231255724691,17.3816910674177,14.2828769200626,12.5686290767384,10.8002062127116,13.0456057440724,11.3157963703073,11.5042631581331,12.4982512394089,8.38015097311841,7.7252068634308,5.44077915235944,6.29555108095942,6.14438848413769,5.45285471660529,6.39425444576972,4.66750525263984,5.39689013829974,4.72480766110758,4.18509005365122,4.08571325880333
Russian Federation,RUS,"Agriculture, value added (% of GDP)",NV.AGR.TOTL.ZS,15.4610369450481,13.7718984626385,7.2633640189374,7.55720377820535,6.10956103151862,6.69233461673084,6.54945711724275,5.86979722518677,5.10343778521448,6.58069331564107,5.75175208059571,5.87571000491972,5.5714721405235,5.50294605202332,4.90444194789091,4.25591600591586,3.86131247121949,3.7789032098654,3.75334566075859,4.08445065219856,3.34390122331753,3.38577913643969,3.2001167448701,3.16054866362965,3.53805052975554,4.1275958363963,4.18336064776207
Rwanda,RWA,"Agriculture, value added (% of GDP)",NV.AGR.TOTL.ZS,32.5459939303571,32.1327069429186,33.2376150704715,33.7348925923437,49.7587461119534,44.000449460129,47.1892922193967,45.9609522618159,45.5174611772785,37.4367988981715,37.1867137800825,37.3360903228589,35.3865446109474,38.2610430195705,38.560801943845,38.3880298489841,35.7327920789802,31.2832249913599,29.7569058777847,30.1880138434929,29.1224263797266,28.2300982435551,29.2196686762229,28.8913709950676,28.7545641795124,28.0075429548457,29.3095249406781
Samoa,WSM,"Agriculture, value added (% of GDP)",NV.AGR.TOTL.ZS,..,..,..,..,22.0827474554568,17.7781265838989,18.1349020943813,20.1616915050685,18.4141742065997,16.4276206498471,16.1618250608083,14.2879307017677,13.9763188167346,11.9286273353983,12.7799409086482,12.7021014733375,11.6724345473636,12.6257051281321,11.2930526333275,11.2704068953562,10.4219314134727,9.52018584921097,9.38730852204705,9.66003174711935,9.43026129744853,9.5221920406046,9.58988702133193
San Marino,SMR,"Agriculture, value added (% of GDP)",NV.AGR.TOTL.ZS,..,..,..,..,..,..,..,..,..,..,..,..,..,..,..,..,..,..,..,..,..,..,..,..,..,..,..
Sao Tome and Principe,STP,"Agriculture, value added (% of GDP)",NV.AGR.TOTL.ZS,..,..,..,..,..,..,..,..,..,..,..,10.7454500935229,11.3544617332092,11.052532437845,10.8178241783387,9.51198480711562,9.38653170453034,9.716800935619,9.47767452078513,10.8144485496143,11.2620061263083,11.3001313599366,11.5024945438421,12.0339597020829,11.3752081653341,12.0498376307668,11.8732274936627
Saudi Arabia,SAU,"Agriculture, value added (% of GDP)",NV.AGR.TOTL.ZS,5.70727631869483,5.43281426541188,5.60680383871363,6.0695054265672,6.14957688816112,5.88614793777068,5.41274054001984,5.37380507903337,6.15924782059964,5.67955271976421,4.92105477899671,5.17120895987287,5.07733794448387,4.5045050210361,3.90112987654117,3.22082662006173,2.94858415675339,2.7701598702101,2.31685407323272,2.85411191355259,2.64027702260275,2.17142778334318,2.07934643483201,2.15730645378212,2.22697502456624,2.61938789955033,2.68562239483454
Senegal,SEN,"Agriculture, value added (% of GDP)",NV.AGR.TOTL.ZS,17.908670159459,18.1139307313109,16.6391444926895,18.6523755218771,17.279333224614,18.9384145368153,17.8111108894457,17.6435859590082,17.2987829433387,16.6988023920202,16.8610299219327,16.3443406152745,13.6190067932761,15.1124218348475,13.7032346790867,14.6115566717692,12.9374347147037,11.8823907110241,13.9814175218017,15.2353769200654,15.290544496622,12.7466505428479,13.7052528844453,13.6965304923203,13.461865671683,14.7722023031752,15.1934694908372
Serbia,SRB,"Agriculture, value added (% of GDP)",NV.AGR.TOTL.ZS,..,..,..,..,..,19.7043595581415,19.8524548777539,19.009078925434,16.8899883372927,19.2906398709153,18.3442074783973,17.8205040896416,12.9067586937552,11.3837939286651,11.7250412381234,9.97833012213516,9.49952707721947,8.28237650789855,8.68797964176062,8.04429353704212,8.52600190231501,8.99785805880284,7.53298094952347,7.88152492075515,7.73259948088121,6.77284978008233,6.48502600020826
Seychelles,SYC,"Agriculture, value added (% of GDP)",NV.AGR.TOTL.ZS,4.80910985715012,4.77753648805616,3.82676030974248,4.17413259488516,4.13108888346751,4.17338126523697,3.89568834493241,3.49165959852983,2.63018148877019,3.1006820298651,2.82924885435346,2.82586627891026,2.8856215989954,2.636895547451,3.45713659604412,3.25455173411222,2.98065867393712,2.74666474155357,2.56882803104843,2.2569426862048,2.26087740281931,2.22137693240376,2.04481307351983,2.66733888375999,2.36969667224284,2.04597743393037,2.00964148754426
Sierra Leone,SLE,"Agriculture, value added (% of GDP)",NV.AGR.TOTL.ZS,44.0286219584087,36.7450502033747,35.8872879434378,40.3024517477613,37.3951606768406,39.9545618365047,45.2101464485815,57.3956037766825,59.4020699553992,59.8664904645509,55.0141620912989,45.1363540348252,46.2142462283853,46.3565746343483,48.4860562606488,49.3914513766418,50.2940871325672,52.1760471779891,53.6535083224792,55.2608826771403,52.9426802644904,54.5934658719853,50.592116637066,47.9833089785122,51.7925286652872,58.6518937050459,58.2087413274041
Singapore,SGP,"Agriculture, value added (% of GDP)",NV.AGR.TOTL.ZS,0.323370771537132,0.250009228955753,0.197262802073378,0.172671561748963,0.172955109763045,0.144731740561733,0.149857315530941,0.132864006024603,0.111405232699597,0.11124793931483,0.0921208805109864,0.082638377087291,0.0713114689372951,0.0614216447982731,0.0559581143151737,0.055075115289946,0.0490131368833436,0.0429862068101064,0.0416206461936228,0.0409493385931437,0.0367289973883325,0.0345422446754815,0.0331722985705079,0.033966490770643,0.034984016534951,0.0310950033678281,0.029934186851017
Sint Maarten (Dutch part),SXM,"Agriculture, value added (% of GDP)",NV.AGR.TOTL.ZS,..,..,..,..,..,..,..,..,..,..,..,..,..,..,..,..,..,..,..,..,..,..,..,..,..,..,..
Slovak Republic,SVK,"Agriculture, value added (% of GDP)",NV.AGR.TOTL.ZS,..,..,..,..,..,5.0606991504222,4.77639103313716,4.61878615872613,4.68879581059939,4.02196555235151,3.94509894312529,4.48635119468251,4.54096613392299,3.98821418408589,3.64365588150692,3.22006553117071,3.21277193026602,3.60308505668216,3.70176072481156,3.02323720510645,2.55486577087852,3.05886662228811,3.23401704123981,3.6198619350474,4.03692503142653,3.38707918682722,3.32389916717071
Slovenia,SVN,"Agriculture, value added (% of GDP)",NV.AGR.TOTL.ZS,..,..,..,..,..,3.68070105180809,3.46949455720807,3.53581878269984,3.3917543705296,2.84354113381421,2.8939861755705,2.60781847831483,2.79948100465989,2.11143238374199,2.28259921133966,2.28505114816325,1.99165427923907,1.87538692737962,1.65463876099801,1.6550568126276,1.72678845480141,1.98918749597029,1.79341165737979,1.79818066461935,2.01669693554027,2.02570722603138,1.8813570599483
Solomon Islands,SLB,"Agriculture, value added (% of GDP)",NV.AGR.TOTL.ZS,27.3202614379085,44.4141658043003,45.9354431521053,44.2934575158409,44.8911551284566,42.2829036635007,39.080174637825,39.5234260268132,35.6368444248568,34.0034290612945,33.1993496522446,24.440964833233,30.4404130078414,39.031031031031,36.8321698247614,33.7889434337601,35.0329467959601,..,..,..,..,..,..,..,..,..,..
Somalia,SOM,"Agriculture, value added (% of GDP)",NV.AGR.TOTL.ZS,62.7445651948588,..,..,..,..,..,..,..,..,..,..,..,..,..,..,..,..,..,..,..,..,..,..,..,..,..,..
South Africa,ZAF,"Agriculture, value added (% of GDP)",NV.AGR.TOTL.ZS,4.20709700940894,4.17011205423016,3.51269014367135,3.83039709809426,4.21495547454522,3.53716282121766,3.86000242668343,3.692557568655,3.44813551488989,3.23796380486204,2.9947459855187,3.21638321301848,3.38439041621997,3.05234860450487,2.76346772331191,2.38962357267391,2.33141241709253,2.6433727012347,2.85948495248966,2.71342760650594,2.38736568452494,2.28547597463867,2.16949028834388,2.09775631128793,2.17470676059318,2.08083537598214,2.17817358718032
South Sudan,SSD,"Agriculture, value added (% of GDP)",NV.AGR.TOTL.ZS,..,..,..,..,..,..,..,..,..,..,..,..,..,..,..,..,..,..,..,..,..,..,..,..,..,..,..
Spain,ESP,"Agriculture, value added (% of GDP)",NV.AGR.TOTL.ZS,..,..,..,..,..,3.89017213940963,4.3926949622125,4.29997934558314,4.15510015486191,3.81446907032622,3.7384912959381,3.65003259340584,3.4554136727133,3.38169842881893,3.07376192797938,2.71211284315137,2.35601315113287,2.44039870208095,2.28995050281081,2.18237860640636,2.33621818148177,2.27857655992952,2.30993013180229,2.51040028546553,2.43394808348269,2.52463430487834,2.5113497991099
Sri Lanka,LKA,"Agriculture, value added (% of GDP)",NV.AGR.TOTL.ZS,26.6849955744955,27.0879705649331,26.1223611336451,24.8807033118813,23.9738394947883,23.1401230659566,22.5390632811198,21.9486006411524,21.1644905234453,20.7284809437567,19.9273150418722,20.0666052033611,14.2793225360883,13.230514884212,12.5438041438828,11.8194768226447,11.3362802346632,11.6831643328505,13.379200767591,12.691971303497,8.49618346319142,8.83164757519837,7.44935306339116,7.66651810730156,8.0066097934062,8.18427146086627,7.47980931582722
St. Kitts and Nevis,KNA,"Agriculture, value added (% of GDP)",NV.AGR.TOTL.ZS,3.64200304045854,3.97936325811492,4.20400753414353,4.07090552318768,3.43851260074969,3.03088610560869,2.91517837430834,3.19911056425993,2.37812386897311,1.82615350245507,1.54979204859858,1.72666951791474,1.7781016500321,1.79557470232524,1.79750204213023,1.67375505837601,1.20384422135272,1.18129626789508,1.28769594629443,1.20163493515476,1.40111996507562,1.4815828470341,1.42445280732319,1.3055989248335,1.14290901826128,1.03231474629264,0.950880431652187
St. Lucia,LCA,"Agriculture, value added (% of GDP)",NV.AGR.TOTL.ZS,10.0732723465925,8.79918297862318,9.4708046925382,7.61633294724395,6.39382946858399,6.53155795634262,5.9328833230971,4.70395420649688,5.72522796463333,5.08876854419453,5.07239762258838,4.16023731239249,4.74346454501587,3.9182811231634,3.79913793158649,2.94216513460881,2.86960097740186,2.51889697718989,3.41115088537732,3.30954656034809,2.21778299405118,1.8948821008262,2.16658611232909,2.35636629936104,2.03811705960221,2.05602354408579,2.0693152859432
St. Martin (French part),MAF,"Agriculture, value added (% of GDP)",NV.AGR.TOTL.ZS,..,..,..,..,..,..,..,..,..,..,..,..,..,..,..,..,..,..,..,..,..,..,..,..,..,..,..
St. Vincent and the Grenadines,VCT,"Agriculture, value added (% of GDP)",NV.AGR.TOTL.ZS,14.1700393629325,12.4732573687576,13.2257509599573,9.78726470383921,7.06960181777257,9.19744418486658,8.15537312929221,6.44916446480699,7.05845196583257,6.93985269517737,7.42946494580481,6.28106405169541,6.36015034416651,5.52709441399917,5.20200764503601,5.47434328419036,5.26930676610785,5.65046166084264,5.64133647561678,5.91881964825919,6.07881726958385,6.36081937853887,6.16283070408474,6.48050313586896,6.62972420837589,6.23788546255506,6.9559748427673
Sudan,SDN,"Agriculture, value added (% of GDP)",NV.AGR.TOTL.ZS,39.0195890623607,40.1843515959888,38.5429544336647,39.9000684515911,34.5307043097102,37.2802811576655,42.3848519608798,45.042249161223,44.394590603038,43.2654994233288,40.6821739143402,41.2452370068354,40.2574844944661,36.6171452929004,32.2109870321118,30.5988176530042,28.1185339498665,25.176378614975,24.5080041882065,24.6704115922914,23.3105383796265,24.3591703860878,33.1433753081828,33.7625756000751,31.8512354117634,31.4185582789066,31.1999868593734
Suriname,SUR,"Agriculture, value added (% of GDP)",NV.AGR.TOTL.ZS,8.08653103270667,8.81106401962971,11.1550502553963,18.8764661499417,16.3219779136265,13.8083361859586,14.8241300675431,11.7277990980064,9.94100529100529,8.53756227987004,10.1619571742876,9.93562130288438,6.8472069590746,6.5405650467989,5.3298218192492,4.91836734693877,10.1859561476547,10.3585163131125,9.13590431016705,10.0488813686783,9.69732343867256,8.93301965125934,8.56760374832664,8.68617867027855,9.38475771944027,9.21108483415196,9.32908912830558
Sweden,SWE,"Agriculture, value added (% of GDP)",NV.AGR.TOTL.ZS,3.12180087678263,2.62569570065835,2.4945590012961,2.35011758543226,2.40880561190943,2.45067590023583,2.1951061709864,2.12973954332798,1.98968712002667,1.85610857544773,1.6816798145489,1.67912902067285,1.62350245692788,1.60570932149519,1.58560344228311,1.00397199926256,1.19286975719576,1.39846098925313,1.41637189053368,1.29548071785724,1.42815584344746,1.43710907769753,1.31306990881459,1.22628954704212,1.1888722935146,1.20263532593944,1.14851927510022
Switzerland,CHE,"Agriculture, value added (% of GDP)",NV.AGR.TOTL.ZS,2.23813014568122,2.02598542172353,1.8652493522417,1.69979266128957,1.59044038268354,1.47490506827324,1.31815722138914,1.30103344517887,1.25840521084879,1.15734184624632,1.1536375060906,0.993411092897928,0.983641799136018,0.910374851711964,0.976286272481579,0.861322409364684,0.814904148213525,0.80168074242397,0.835978076311244,0.753587093079616,0.699118548768454,0.697310730980368,0.658862437211174,0.692951417906169,0.72095624758756,0.650856559607018,0.652610994733409
Syrian Arab Republic,SYR,"Agriculture, value added (% of GDP)",NV.AGR.TOTL.ZS,28.2851584627769,30.675880396965,31.712455937357,29.0084711967227,27.8410831039654,28.2015850081002,27.7173134237621,25.773871807813,29.3863951064327,24.134285281751,24.1428166005559,25.8760160900412,25.7089828201034,24.6937382873921,22.2665740514173,20.7264421104619,20.998431062039,19.536867896439,..,..,..,..,..,..,..,..,..
Tajikistan,TJK,"Agriculture, value added (% of GDP)",NV.AGR.TOTL.ZS,33.3333333333333,36.094674556213,29.5208655332303,20.9798319803128,19.0725948647907,36.6930047637809,36.0277031442887,32.0024176602636,25.1035007058063,25.3895247351004,25.1236791319441,23.8082970276956,22.235188387004,24.210770192332,19.2242842403822,21.1917583264794,21.4498794494065,19.4332095862555,19.8672886129302,18.5520032964103,19.5866775137511,23.8355098416752,23.3268165616333,20.4303250879033,23.4460105426574,21.9360517007702,20.3790633932489
Tanzania,TZA,"Agriculture, value added (% of GDP)",NV.AGR.TOTL.ZS,42.0469415295422,43.8551818925813,44.7048569288652,44.8248544220463,41.5849633754367,43.6503559013408,44.0136032032768,42.6019021320267,31.4784381289418,32.1024816685497,31.309490370781,30.6568022017799,30.2682740315077,30.2909079015206,30.9447126712546,28.6150317384087,29.0389837847515,26.8257034488108,28.7890806836705,30.2376830340186,29.9071939328655,29.3545769776237,31.0829263983984,31.1884529947122,28.8129490707924,28.9988470779348,29.2337598872917
Thailand,THA,"Agriculture, value added (% of GDP)",NV.AGR.TOTL.ZS,12.4996278305399,12.6498265961915,12.2973357445063,8.0278503750185,8.62903859759453,9.08275281089356,9.06507452132699,9.06683418611005,10.2624469883288,8.89582303806343,8.50290039711446,8.58250485078334,8.69602594851824,9.44456984959718,9.29417332168965,9.19807433511911,9.40612368916471,9.350609229062,10.0754388719319,9.79023375508974,10.5251675332811,11.5946518999824,11.5070252185382,11.3248676245795,10.0916298125039,8.99277202666733,8.50476572189377
Timor-Leste,TLS,"Agriculture, value added (% of GDP)",NV.AGR.TOTL.ZS,..,..,..,..,..,..,..,..,..,..,23.7201114428046,19.884132708578,22.6773758688447,22.3802340065299,12.5829232004596,7.37157825785728,5.48475760624543,5.62545633738692,4.40045959391385,5.65785984040802,5.65538171129895,4.07952450410626,4.45659217787682,5.23011989623621,7.36117864038829,8.93190513110775,11.3529404009894
Togo,TGO,"Agriculture, value added (% of GDP)",NV.AGR.TOTL.ZS,33.7541148217743,32.8241709338819,35.2632464188155,44.1436470012341,34.9228799082614,37.7628503719033,40.8371031078501,42.1923859677346,34.9637408196978,36.9332231808608,35.1411216907955,37.7193603514966,38.1917106707991,35.7956981243814,36.2333106262787,39.4085581517022,35.8837051989659,35.8235289101499,40.7080991179972,32.9118339483749,31.0324450663607,30.7608884187007,42.5999303371909,39.7164828422064,41.9683816817035,40.6619279748389,41.3842607830167
Tonga,TON,"Agriculture, value added (% of GDP)",NV.AGR.TOTL.ZS,29.913153388241,30.6547966303409,32.7856067416947,34.1101893880106,21.8340415052595,21.4122221920075,20.6097484334855,20.53227286632,21.6172150567808,22.7178633840461,19.9500443179557,18.3568285154749,18.213733229366,19.2143582538236,20.4429855960627,17.8185510531784,15.7592411354131,16.7093802742155,14.7523709167545,15.3405666063894,16.402413357654,17.0322580645161,16.7124656507619,17.5838239058101,17.0540708514605,17.6220304928495,17.211916807195
Trinidad and Tobago,TTO,"Agriculture, value added (% of GDP)",NV.AGR.TOTL.ZS,2.54097218998096,2.47710407560753,2.53567550966559,2.51491781693607,2.22232077975689,2.31282988033606,2.08491149751638,2.16722840647102,2.05805858400105,1.93592311333183,1.3571938867876,1.28637705609447,1.39847219754841,0.947884612682488,0.761483945963904,0.483999190377517,0.566876991369423,0.371661707526332,0.365514424327618,0.595145826393538,0.52014610527508,0.456542570355529,0.364138296070718,0.3718286236209,0.348942731631317,0.446716294670826,0.497159568388853
Tunisia,TUN,"Agriculture, value added (% of GDP)",NV.AGR.TOTL.ZS,15.7206653291049,16.7207036445863,16.1223715507303,14.7091318284116,12.558018945478,11.3665419486506,13.7132007783366,11.2346034153613,10.6007451414762,10.606338964866,10.0063533480785,9.42182602806609,8.2984310698025,9.29147125091524,9.9025196582781,9.16983114804996,9.28040526512478,8.64335456748127,7.85050246255505,8.29726026463431,7.53459309010459,8.53467551114708,9.08585674812094,8.89424452485291,9.05904196063869,10.1947642346337,9.22099298732039
Turkey,TUR,"Agriculture, value added (% of GDP)",NV.AGR.TOTL.ZS,17.4762288321229,15.2470755823245,14.9836651520805,15.4160185614868,15.4628347718716,15.6932030829778,16.8545560944976,14.4611526932527,12.4592875299131,10.4783116063463,10.0814983167632,8.85383114839516,10.268765536419,9.88214449794751,9.42165166382878,9.25476111509283,8.16185314259586,7.51846101328204,7.48418053259217,8.12999756566269,9.02606666693115,8.23521329713907,7.75275880323118,6.7253245762708,6.58972823080761,6.90347384179139,6.1837464346226
Turkmenistan,TKM,"Agriculture, value added (% of GDP)",NV.AGR.TOTL.ZS,33.3333333333333,32.2033898305085,10.875,18.1636726546906,32.6834862385321,16.2116564417178,12.6294877252732,20.2362091314994,25.1589853519114,24.8404467491025,22.538770821367,23.0980446540008,20.9328028293546,19.1196027270432,18.3554592251422,18.5309595789945,17.1963282549099,18.8548148148148,10.7216494845361,10.5153529707868,11.3405425561667,8.88435455800276,8.50146680237083,8.47439420658294,8.2954435522879,9.30017629871659,..
Turks and Caicos Islands,TCA,"Agriculture, value added (% of GDP)",NV.AGR.TOTL.ZS,..,..,..,..,..,..,..,..,..,..,..,..,..,..,..,..,..,..,..,..,..,..,..,..,..,..,..
Tuvalu,TUV,"Agriculture, value added (% of GDP)",NV.AGR.TOTL.ZS,25.6081379920389,24.1703401813191,23.1644806271672,23.5755136623597,23.5847156000269,24.0419524001614,25.9949120391811,24.6739359091228,21.7696822864346,20.7116156068955,17.9223113368745,18.3133313997695,17.3781870734306,17.3849629142135,18.6823844388591,20.3858271295846,22.7880979779714,23.238608221892,22.1089942401418,24.179113068002,26.7481408889145,26.1489685961284,20.4967317303629,19.5763668636137,18.9629351925158,16.5080941348044,..
Uganda,UGA,"Agriculture, value added (% of GDP)",NV.AGR.TOTL.ZS,53.282907395037,49.3725406407326,48.2029434921098,48.2848821835563,46.1698486683772,45.2953876100708,41.0372015173252,38.1199597496033,38.2510485122684,34.7859787484548,27.5091068813608,27.8502414792568,23.4334280035322,24.5070225782703,21.6703526423589,25.0749361342896,24.0349329838703,22.2781136787637,21.384598562648,26.1461755849733,26.2355373274096,25.0625298110391,26.0815285900662,25.4799523470519,25.0743798029054,23.981582798815,23.708112435868
Ukraine,UKR,"Agriculture, value added (% of GDP)",NV.AGR.TOTL.ZS,24.4480344641896,24.6126102057173,20.8530127663802,21.5406715990099,14.5723967115818,13.76975949151,12.2290506560865,12.5153962669751,12.0680744082124,11.875009364315,14.4905039101546,14.4718154659876,13.0277667065232,10.8695164282722,10.8193548200155,9.15909317434285,7.56349776625324,6.57027379147005,6.87174597281173,7.19968905506681,7.4475654702014,8.19659520719759,7.81572028712814,8.78638927981065,10.1546081548161,12.0593761063371,11.6313819087254
United Arab Emirates,ARE,"Agriculture, value added (% of GDP)",NV.AGR.TOTL.ZS,1.0584284754869,1.29776800811633,1.37862107758448,1.48090107737512,1.83042501688033,1.78706830470903,1.79243187203791,2.00402186456958,2.18089049130306,2.33324519711343,2.26265009303746,2.23820016235649,2.20332258864369,1.92768393253654,1.66536190905993,1.39541334748446,1.09424400194674,0.976671167666283,0.82730546409323,1.03688688860825,0.763452742040359,0.671910149003627,0.638882185152986,0.64376304382726,0.63950460682422,0.740999246531651,0.776054567862067
United Kingdom,GBR,"Agriculture, value added (% of GDP)",NV.AGR.TOTL.ZS,1.33063736756363,1.30532501705336,1.29458074594225,1.30608649577384,1.35019518354903,1.29767600173969,1.12964256961847,0.998674409996446,0.905963917103746,0.847092145675372,0.781724145213018,0.748448906000463,0.727699888632931,0.766749671810636,0.775136994300396,0.578843121612596,0.562170509793739,0.569321831487767,0.633399619833039,0.550755261726432,0.659355127013052,0.609946289498502,0.603480247444703,0.653731639652758,0.639227200823924,0.592777078015626,0.537102883852838
United States,USA,"Agriculture, value added (% of GDP)",NV.AGR.TOTL.ZS,..,..,..,..,..,..,..,1.33486176187182,1.21341267979643,1.15080521713711,1.14976850742247,1.12828384277503,0.969255589198064,1.13004783387935,1.25131951079469,1.14001249147874,1.02191846527628,1.05165988091287,1.11575928306137,1.02489290498982,1.13841175560191,1.32444639186964,1.20242882579074,1.38033311771482,1.2176169375845,1.06993627844907,1.01445991363515
Uruguay,URY,"Agriculture, value added (% of GDP)",NV.AGR.TOTL.ZS,9.20845767653623,8.49783072201468,8.81564371126246,7.36675786246185,7.92533605710963,8.61611136382544,8.01605820451305,6.80047239084006,7.04492818557633,6.03365841705735,6.20381612447237,5.77803772518927,7.73262941215788,9.804190894613,11.1842553514501,8.74583674526536,8.91384523901186,8.49936418506709,9.16892403646672,7.88699609539927,7.20206450330468,8.82916199087521,8.12177249077119,7.61620062290806,6.73546217466951,6.13144194594134,5.8919397290205
Uzbekistan,UZB,"Agriculture, value added (% of GDP)",NV.AGR.TOTL.ZS,33.1139918101534,37.0931919615658,35.1391853548148,27.5850886870416,34.3455984808316,28.0499215125601,22.3647561421471,28.1986118362458,26.8,29.0229534073079,30.0562083348308,29.9730991386502,30.1227261897971,28.5898357756494,26.4440094608923,25,25.0794086599226,23.235899255055,19.6896057973097,18.6326849699042,17.9937584450931,17.7976796564937,17.6492632950506,17.4255656267711,17.0990164995502,16.6140401831576,16.1149317040938
Vanuatu,VUT,"Agriculture, value added (% of GDP)",NV.AGR.TOTL.ZS,20.876928055226,16.5599962072726,16.1998111595702,18.0740805527616,16.2833522705011,16.4435800633032,17.6006717534957,16.7453625632378,26.0972255441282,24.8467853839038,22.9641302315643,23.5298826040555,24.2654702631723,22.8294815740162,23.5987549935054,22.2744970798183,20.9840989035855,20.5596558246486,20.1925105913289,19.760745711697,20.7253504535281,22.8803634670467,25.0155354553615,24.9924145482369,25.1956161751507,26.6049114081442,..
"Venezuela, RB",VEN,"Agriculture, value added (% of GDP)",NV.AGR.TOTL.ZS,5.38617437858678,5.46855902950069,5.30918211135664,5.34815242949322,5.04288552552941,5.20877794694201,4.22617513182581,4.49549200535744,4.95043215492494,4.35106142766149,3.9329857306368,4.23151248545234,3.84704619241777,4.31314643960616,3.71881718358774,3.69518323245945,3.6568046342889,3.81353938861893,4.15841611570505,5.6621777947414,5.37526516550554,5.01293006431094,5.01636863410636,4.90255007324048,5.02675356618482,..,..
Vietnam,VNM,"Agriculture, value added (% of GDP)",NV.AGR.TOTL.ZS,38.73674174711,40.4891339773424,33.9385879202403,29.8699539420211,27.4278288729318,27.1826887789875,27.7588260377303,25.7717067944634,25.7807804064629,25.4344379935091,24.5345819955349,23.2410475903552,23.0294421776834,22.5424367056108,21.8076993514673,19.2999788840494,18.7267854535521,18.655099701709,20.4131439246507,19.1684598670425,18.3784805832532,19.5677511259479,19.2214009962966,17.9635863672912,17.6991997675893,16.9922120022076,16.3196440917105
Virgin Islands (U.S.),VIR,"Agriculture, value added (% of GDP)",NV.AGR.TOTL.ZS,..,..,..,..,..,..,..,..,..,..,..,..,..,..,..,..,..,..,..,..,..,..,..,..,..,..,..
West Bank and Gaza,PSE,"Agriculture, value added (% of GDP)",NV.AGR.TOTL.ZS,..,..,..,..,13.2627580628143,11.8191787498477,13.0161895823557,11.4181605404543,11.7139485717095,10.6504026971343,9.68100890207715,8.47216324899468,8.0319478035885,6.98084677419355,6.92968677815763,5.24235274638851,5.44999083521721,6.4205020160558,6.26657675882221,5.96846536969263,5.58391580931438,5.96728266478109,4.65184318314804,4.14636101314524,3.88499166378307,3.55164523001657,3.15588758872908
"Yemen, Rep.",YEM,"Agriculture, value added (% of GDP)",NV.AGR.TOTL.ZS,24.3805674583328,23.1241341720982,24.1775309237246,22.5531393286575,24.9618143673072,20.5338329615708,16.7281273132012,16.1902618435815,19.5631727939807,16.434832084864,13.7678471736494,14.1154478578618,13.3420695450017,12.877023504495,11.7303363773606,10.5476669634823,10.1469181148223,9.85541682914463,8.70080455854246,10.0213175579619,8.16218157182171,8.53316922274811,8.43814382031358,7.86739636814998,7.81941548368623,10.3484434003561,15.9339353518969
Zambia,ZMB,"Agriculture, value added (% of GDP)",NV.AGR.TOTL.ZS,18.2025763190401,15.8140297733418,21.2675485107907,30.4787304635698,11.826502598294,14.089372097349,13.2982447838973,13.9825484776443,15.86841123023,18.1899716550729,16.1497734560385,15.5274822358648,15.361429938368,15.6170996158156,15.5809428822284,14.5885513717285,13.2062710587766,12.1055962375597,11.4539997547605,11.5527836333973,9.42098977636374,9.64777585337514,9.3215310020682,8.22656371319727,6.77960927230019,4.9808295402307,6.22847041620006
Zimbabwe,ZWE,"Agriculture, value added (% of GDP)",NV.AGR.TOTL.ZS,14.8320467570777,13.5469059663692,6.75157042044845,13.7379075056873,17.0800770606653,13.4659688879513,19.3426229827512,16.6957306507633,18.890320323678,15.4812667243228,15.6670634205514,15.6270707194768,12.568367556294,14.7933552108235,18.0637968344486,17.14823973915,19.2301157819588,21.1976885420745,19.0210740632273,12.0436563923783,11.4100040251987,10.1009082096768,9.66689863218654,8.82717070441263,10.7289485957919,10.1430720348684,9.73528192040698
,,,,,,,,,,,,,,,,,,,,,,,,,,,,,,
,,,,,,,,,,,,,,,,,,,,,,,,,,,,,,
,,,,,,,,,,,,,,,,,,,,,,,,,,,,,,
Data from database: Jobs,,,,,,,,,,,,,,,,,,,,,,,,,,,,,,
Last Updated: 02/17/2021,,,,,,,,,,,,,,,,,,,,,,,,,,,,,,
